"1","АБЛЯЗИН Денис Михайлович",,"tmp/ablyazin/ablyazin.inc.php"
"2","АБРАМОВ Николай Кузьмич",,"tmp/abramov/abramov.inc.php"
"3","АБРОСЬКИН Николай Павлович",,"tmp/abroskin/abroskin.inc.php"
"4","АВКСЕНТЬЕВ Николай Дмитриевич",,"tmp/avksentev/avksentev.inc.php"
"5","АГАРЕВ Алексей Фёдорович («Павел»)",,"tmp/agarev/agarev.inc.php"
"6","АГЕЕВ Пётр Григорьевич",,"tmp/ageev/ageev.inc.php"
"7","АДЛЕРБЕРГ Александр Васильевич",,"tmp/adlerberg/adlerberg.inc.php"
"8","АЗАРЕВИЧ Ольга Николаевна",,"tmp/azarevich/azarevich.inc.php"
"9","АКДЖИГИТОВ Мусса Мухометжанович",,"tmp/akdzhigitov/akdzhigitov.inc.php"
"10","АКИМОВ Михаил Григорьевич",,"tmp/akimov_m_g/akimov_m_g.inc.php"
"11","АКИМОВ Алексей Васильевич",,"tmp/akimov/akimov.inc.php"
"12","АКСАКОВ Александр Николаевич",,"tmp/aksakov/aksakov.inc.php"
"13","АКУЛИНУШКИН Павел Дмитриевич",,"tmp/akulinushkin/akulinushkin.inc.php"
"14","АЛАШЕЕВ Дмитрий Александрович",,"tmp/alasheev/alasheev.inc.php"
"15","АЛЕКСАНДР I",,"tmp/aleksandr_i/aleksandr_i.inc.php"
"16","АЛЕКСАНДР II",,"tmp/aleksandr_ii/aleksandr_ii.inc.php"
"17","АЛЕКСАНДРОВСКИЙ Сергей Васильевич",,"tmp/aleksandrovskiy/aleksandrovskiy.inc.php"
"18","АЛЕКСЕЕВ Александр Изосимович",,"tmp/alekseev_a_i/alekseev_a_i.inc.php"
"19","АЛЕКСЕЕВ Николай Михайлович",,"tmp/alekseev_n_m/alekseev_n_m.inc.php"
"20","АЛЯВДИН Анатолий Павлович",,"tmp/alyavdin/alyavdin.inc.php"
"21","АМВРОСИЙ I (Орнатский Андрей Антипович)",,"tmp/amvrosiy_i/amvrosiy_i.inc.php"
"22","АНАНЬИН Егор Фёдорович",,"tmp/ananin/ananin.inc.php"
"23","АНДРЕЕВ Владимир Иванович",,"tmp/andreev/andreev.inc.php"
"24","АНДРЕЕВА Анна Семёновна",,"tmp/andreeva/andreeva.inc.php"
"25","АНДРЕЯНОВ Егор Михайлович",,"tmp/andreyanov/andreyanov.inc.php"
"26","АНДРИЕВСКИЙ Вячеслав Дмитриевич",,"tmp/andrievskiy/andrievskiy.inc.php"
"27","АНИСИМОВ Николай Петрович",,"tmp/anisimov/anisimov.inc.php"
"28","АНИСИМОВА Александра Петровна",,"tmp/anisimova/anisimova.inc.php"
"29","АННЕНКОВ Иван Александрович",,"tmp/annenkov/annenkov.inc.php"
"30","АНТИПОВ Пётр Фёдорович",,"tmp/antipov/antipov.inc.php"
"31","АНТОНОВ Константин Владимирович",,"tmp/antonov/antonov.inc.php"
"32","АРАБЛИНСКИЙ Балакиши Али-Бек",,"tmp/arablinskiy/arablinskiy.inc.php"
"33","АРАПОВ Александр Николаевич",,"tmp/arapov_a_n/arapov_a_n.inc.php"
"34","АРАПОВ Иван Андреевич",,"tmp/arapov_i_a/arapov_i_a.inc.php"
"35","АРАПОВ Павел Александрович",,"tmp/arapov_p_a/arapov_p_a.inc.php"
"36","АРАПОВ Пётр Иванович",,"tmp/arapov_p_i/arapov_p_i.inc.php"
"37","АРАПОВ Пимен Николаевич",,"tmp/arapov_p_n/arapov_p_n.inc.php"
"38","АРАПОВА (урожд. ЛАНСКАЯ) Александра Петровна",,"tmp/arapova/arapova.inc.php"
"39","АРТОБОЛЕВСКИЙ Владимир Михайлович",,"tmp/artobolevskiy_v_m/artobolevskiy_v_m.inc.php"
"40","АРТОБОЛЕВСКИЙ Иван Алексеевич",,"tmp/artobolevskiy_i_a/artobolevskiy_i_a.inc.php"
"41","АРХАНГЕЛЬСКИЙ Александр Андреевич",,"tmp/arhangelskiy_a_a/arhangelskiy_a_a.inc.php"
"42","АРХАНГЕЛЬСКИЙ Александр Семёнович",,"tmp/arhangelskiy_a_s/arhangelskiy_a_s.inc.php"
"43","АСЕЕВ Александр Васильевич",,"tmp/aseev/aseev.inc.php"
"44","АСТАФЬЕВ Александр Романович",,"tmp/astafev/astafev.inc.php"
"45","АСТРОВ Валентин Николаевич",,"tmp/astrov/astrov.inc.php"
"46","АТЮШОВ Виталий Георгиевич",,"tmp/atyushov/atyushov.inc.php"
"47","АУСТРИН Рудольф Иванович",,"tmp/austrin/austrin.inc.php"
"48","АФАНАСЬЕВ Алексей Фёдорович",,"tmp/afanasev/afanasev.inc.php"
"49","АШАНИН Иван Николаевич",,"tmp/ashanin/ashanin.inc.php"
"50","АШИНОВ Николай Иванович",,"tmp/ashinov/ashinov.inc.php"
"51","БАБЕНКО Юрий Иванович",,"tmp/babenko/babenko.inc.php"
"52","БАДИГИН Константин Сергеевич",,"tmp/badigin/badigin.inc.php"
"53","БАЖЕНОВ Александр Николаевич",,"tmp/bazhenov/bazhenov.inc.php"
"54","БАЛАЛАЕВ Иван Дмитриевич",,"tmp/balalaev/balalaev.inc.php"
"55","БАЛАШОВ Михаил Павлович",,"tmp/balashov/balashov.inc.php"
"56","БАРСУКОВ Сергей Павлович",,"tmp/barsukov/barsukov.inc.php"
"57","БАРЫШЕВМЯСНИЦКИЙ Иван Ильич",,"tmp/baryshev-myasnickiy/baryshev-myasnickiy.inc.php"
"58","БАСУЛИН Евгений Дмитриевич",,"tmp/basulin/basulin.inc.php"
"59","БАТАЛИН Александр Петрович",,"tmp/batalin/batalin.inc.php"
"60","БАУМ Оттон Матвеевич",,"tmp/baum/baum.inc.php"
"61","БАХМЕТЕВ Алексей Николаевич",,"tmp/bahmetev_a_n/bahmetev_a_n.inc.php"
"62","БАХМЕТЕВ Николай Иванович",,"tmp/bahmetev_n_i/bahmetev_n_i.inc.php"
"63","БАХМЕТЕВ Юрий Алексеевич",,"tmp/bahmetev_yu_a/bahmetev_yu_a.inc.php"
"64","БАХМЕТЕВ Юрий Петрович",,"tmp/bahmetev_yu_p/bahmetev_yu_p.inc.php"
"65","БЕЗОБРАЗОВ Лаврентий Афанасьевич",,"tmp/bezobrazov/bezobrazov.inc.php"
"66","БЕКЕТОВ Алексей Николаевич",,"tmp/beketov_a_n/beketov_a_n.inc.php"
"67","БЕКЕТОВ А. Н.",,"tmp/beketov_andrey_nikolaevich/beketov_andrey_nikolaevich.inc.php"
"68","БЕКЕТОВ Ан. Н",,"tmp/beketov_andrey_nikolaevich/beketov_andrey_nikolaevich.inc.php"
"69","БЕКЕТОВ Николай Николаевич",,"tmp/beketov_n_n/beketov_n_n.inc.php"
"70","БЕКЕТОВ Пётр Алексеевич",,"tmp/beketov_p_a/beketov_p_a.inc.php"
"71","БЕЛИНСКИЙ Виссарион Григорьевич",,"tmp/belinskiy/belinskiy.inc.php"
"72","БЕЛОВ Василий Михайлович",,"tmp/belov_v_m/belov_v_m.inc.php"
"73","БЕЛОВ Евгений Александрович",,"tmp/belov_e_a/belov_e_a.inc.php"
"74","БЕЛУГИНА Олеся Владимировна",,"tmp/belugina/belugina.inc.php"
"75","БЕЛЯЕВ Василий Михайлович",,"tmp/belyaev_v_m/belyaev_v_m.inc.php"
"76","БЕЛЯЕВ Николай Александрович",,"tmp/belyaev_n_a/belyaev_n_a.inc.php"
"77","БЕМ Михаил Антонович",,"tmp/bem/bem.inc.php"
"78","БЕРЁЗКО Сергей Петрович",,"tmp/beryozko/beryozko.inc.php"
"79","БЕРСЕНЁВ Роман Генрихович",,"tmp/bersenyov/bersenyov.inc.php"
"80","БИБИКОВ Виктор Дмитриевич",,"tmp/bibikov/bibikov.inc.php"
"81","БИБИКОВА урожд. АРАПОВА Елизавета Николаевна",,"tmp/bibikova/bibikova.inc.php"
"82","БЛАГОСЛАВОВ Василий Ефимович",,"tmp/blagoslavov/blagoslavov.inc.php"
"83","БОБРОВ Александр Константинович",,"tmp/bobrov/bobrov.inc.php"
"84","де БОВЕ Сара Александровна",,"tmp/bove/bove.inc.php"
"85","БОВИН Александр Иванович",,"tmp/bovin/bovin.inc.php"
"86","БОГДАНОВ Александр Алексеевич",,"tmp/bogdanov/bogdanov.inc.php"
"87","БОГОЛЮБОВ Андрей Андреевич",,"tmp/bogolyubov/bogolyubov.inc.php"
"88","БОГОЯВЛЕНСКИЙ Леонид Константинович",,"tmp/bogoyavlenskiy/bogoyavlenskiy.inc.php"
"89","БОЛДЫРЕВ Василий Георгиевич",,"tmp/boldyrev/boldyrev.inc.php"
"90","БОНДАЛЕТОВ Василий Данилович",,"tmp/bondaletov/bondaletov.inc.php"
"91","БОРИС (ЛЕНТОВСКИЙ)",,"tmp/boris/boris.inc.php"
"92","БОРИСЮК Сергей Константинович",,"tmp/borisyuk/borisyuk.inc.php"
"93","БОЧКАРЕВ Василий Кузьмич",,"tmp/bochkarev_v_k/bochkarev_v_k.inc.php"
"94","БОШ (МАЙШ) Евгения Богдановна",,"tmp/bosh/bosh.inc.php"
"95","БРАТАНОВ Василий Николаевич",,"tmp/bratanov/bratanov.inc.php"
"96","БРЫКИН Александр Евстафьевич",,"tmp/brykin/brykin.inc.php"
"97","БУДИЩЕВ Алексей Николаевич",,"tmp/budischev/budischev.inc.php"
"98","БУДНИКОВ Борис Григорьевич",,"tmp/budnikov/budnikov.inc.php"
"99","БУКИН Василий Николаевич",,"tmp/bukin/bukin.inc.php"
"100","БУРДЕНКО Николай Нилович",,"tmp/burdenko/burdenko.inc.php"
"101","БУРЕНИН Николай Иванович",,"tmp/burenin/burenin.inc.php"
"102","БУРЛУЦКИЙ Яков Петрович",,"tmp/burluckiy/burluckiy.inc.php"
"103","БУРМИСТЕНКО Михаил Алексеевич",,"tmp/burmistenko/burmistenko.inc.php"
"104","БУРМИСТРОВ Юрий Васильевич",,"tmp/burmistrov/burmistrov.inc.php"
"105","БУСЛАЕВ Фёдор Иванович",,"tmp/buslaev/buslaev.inc.php"
"106","БУТЛЕРОВ Владимир Александрович",,"tmp/butlerov/butlerov.inc.php"
"107","БУТУЗОВ Сергей Михайлович",,"tmp/butuzov/butuzov.inc.php"
"108","БЫСТРЕНИНА Инна Владимировна",,"tmp/bystrenina/bystrenina.inc.php"
"109","ВАСИЛЬЕВ А. Ф.",,"tmp/vasilev/vasilev.inc.php"
"110","ВАЗЕРСКИЙ Фёдор Петрович",,"tmp/vazerskiy/vazerskiy.inc.php"
"111","ВАСИЛЬЕВА (НЕСТЮК) Татьяна Алексеевна",,"tmp/vasileva/vasileva.inc.php"
"112","ВАХРАМЕЕВ Александр Иванович",,"tmp/vahrameev/vahrameev.inc.php"
"113","ВЕРНЕР Виталий Дмитриевич",,"tmp/verner/verner.inc.php"
"114","ВИГЕЛЬ Филипп Лаврентьевич",,"tmp/vigel_f_l/vigel_f_l.inc.php"
"115","ВИШНЕВСКИЙ Анатолий Николаевич",,"tmp/vishnevskiy_a_n/vishnevskiy_a_n.inc.php"
"116","ВИШНЕВСКИЙ Иван Васильевич",,"tmp/vishnevskiy_i_v/vishnevskiy_i_v.inc.php"
"117","ВИШНЕВСКИЙ Кирилл Дмитриевич",,"tmp/vishnevskiy_k_d/vishnevskiy_k_d.inc.php"
"118","ВЛАДИМИР (ПУТЯТА)",,"tmp/vladimir/vladimir.inc.php"
"119","ВЛАДИМИРОВ Владимир Дмитриевич",,"tmp/vladimirov/vladimirov.inc.php"
"120","ВЛАДЫКИН Леонид Иванович",,"tmp/vladykin/vladykin.inc.php"
"121","ВОЕВОДИН Алексей Николаевич",,"tmp/voevodin/voevodin.inc.php"
"122","ВОЕЙКОВ Владимир Николаевич",,"tmp/voeykov/voeykov.inc.php"
"123","ВОЙДЕНОВ Василий Петрович",,"tmp/voydenov/voydenov.inc.php"
"124","ВОЙНАРАЛЬСКИЙ Порфирий Иванович",,"tmp/voynaralskiy/voynaralskiy.inc.php"
"125","ВОЙЦЕХОВИЧ Алексей Иванович",,"tmp/voycehovich_a_i/voycehovich_a_i.inc.php"
"126","ВОЙЦЕХОВИЧ Иван Андреевич",,"tmp/voycehovich_i_a/voycehovich_i_a.inc.php"
"127","ВОЛЖИН Валериан Александрович",,"tmp/volzhin/volzhin.inc.php"
"128","ВОЛКОВ Аполлон Николаевич",,"tmp/volkov_a_n/volkov_a_n.inc.php"
"129","ВОЛКОВ Дмитрий Семёнович",,"tmp/volkov_d_s/volkov_d_s.inc.php"
"130","ВОЛКОВ Николай Дмитриевич",,"tmp/volkov_n_d/volkov_n_d.inc.php"
"131","ВОЛКОТРУБЕНКО Иван Иванович",,"tmp/volkotrubenko/volkotrubenko.inc.php"
"132","ВСЕВОЛОЖСКИЙ Андрей Алексеевич",,"tmp/vsevolozhskiy_a_a/vsevolozhskiy_a_a.inc.php"
"133","ВСЕВОЛОЖСКИЙ Всеволод Андреевич",,"tmp/vsevolozhskiy_v_a/vsevolozhskiy_v_a.inc.php"
"134","ВЫРУБОВ Василий Васильевич",,"tmp/vyrubov_v_v/vyrubov_v_v.inc.php"
"135","ВЫРУБОВ Василий Николаевич",,"tmp/vyrubov_v_n/vyrubov_v_n.inc.php"
"136","ВЫРУБОВ Григорий Николаевич",,"tmp/vyrubov_g_n/vyrubov_g_n.inc.php"
"137","ВЯЗЕМСКИЙ Пётр Андреевич",,"tmp/vyazemskiy/vyazemskiy.inc.php"
"138","ВЯТКИН Борис Петрович",,"tmp/vyatkin/vyatkin.inc.php"
"139","ГАИЙ (Такаов)",,"tmp/gaiy/gaiy.inc.php"
"140","ГАЛАКТИОНОВ Владимир Васильевич",,"tmp/galaktionov/galaktionov.inc.php"
"141","ГАЛАНИН Павел Александрович",,"tmp/galanin/galanin.inc.php"
"142","ГАЛКИН Николай Алексеевич",,"tmp/galkin/galkin.inc.php"
"143","ГАРФ Карл Карлович",,"tmp/garf/garf.inc.php"
"144","ГВОЗДЕВ Александр Николаевич",,"tmp/gvozdev_a_n/gvozdev_a_n.inc.php"
"145","ГВОЗДЕВ Борис Николаевич",,"tmp/gvozdev_b_n/gvozdev_b_n.inc.php"
"146","ГЕВЛИЧ Дмитрий Ксенофонтович",,"tmp/gevlich/gevlich.inc.php"
"147","ГЕНДЕЛЬШТЕЙН Альберт Александрович",,"tmp/gendelshteyn/gendelshteyn.inc.php"
"148","ГЕНЕРАЛОВ Евгений Васильевич",,"tmp/generalov/generalov.inc.php"
"149","ГИЛЯРОВСКИЙ Владимир Алексеевич",,"tmp/gilyarovskiy/gilyarovskiy.inc.php"
"150","ГЛАДКОВ Фёдор Васильевич",,"tmp/gladkov/gladkov.inc.php"
"151","ГЛЕБОВ Василий Николаевич",,"tmp/glebov/glebov.inc.php"
"152","ГОЛИЦЫНА Варвара Васильевна",,"tmp/golicyna/golicyna.inc.php"
"153","ГОЛОВИНЗИН Константин Сергеевич",,"tmp/golovinzin/golovinzin.inc.php"
"154","ГОЛУБЕВ Александр Алексеевич",,"tmp/golubev/golubev.inc.php"
"155","ГОЛЯС Владимир Константинович",,"tmp/golyas/golyas.inc.php"
"156","ГОРИХВОСТОВ Пётр Абросимович",,"tmp/gorihvostov/gorihvostov.inc.php"
"157","ГОРОШКИН Иван Васильевич",,"tmp/goroshkin/goroshkin.inc.php"
"158","ГОРСТКИН Александр Павлович",,"tmp/gorstkin_a_p/gorstkin_a_p.inc.php"
"159","ГОРСТКИН Иван Николаевич",,"tmp/gorstkin_i_n/gorstkin_i_n.inc.php"
"160","ГОРЮШКИН СОРОКОПУДОВ Иван Силович (Силыч)",,"tmp/goryushkin-sorokopudov/goryushkin-sorokopudov.inc.php"
"161","ГОРЮШКИН-СОРОКОПУДОВ Иван Силович (Силыч)",,"tmp/goryushkin-sorokopudov/goryushkin-sorokopudov.inc.php"
"162","ГОРЯЙНОВ Алексей Алексеевич",,"tmp/goryaynov/goryaynov.inc.php"
"163","ГОРЯЧЕВ Фёдор Степанович",,"tmp/goryachev/goryachev.inc.php"
"164","ГРИЗОДУБОВА Валентина Степановна",,"tmp/grizodubova/grizodubova.inc.php"
"165","ГРИН (ГРИНЕВСКИЙ) Александр Степанович",,"tmp/grin/grin.inc.php"
"166","ГРИШИН Октябрь Васильевич",,"tmp/grishin/grishin.inc.php"
"167","ГРИШНЯЕВ Александр Иванович",,"tmp/grishnyaev/grishnyaev.inc.php"
"168","ГРОМАН Сергей Владимирович",,"tmp/groman_s_v/groman_s_v.inc.php"
"169","ГРОМАН Владимир Густавович",,"tmp/groman/groman.inc.php"
"170","ГУБИН Владимир Владимирович",,"tmp/gubin/gubin.inc.php"
"171","ГУЛЯЕВ Григорий Владимирович",,"tmp/gulyaev/gulyaev.inc.php"
"172","ГУСЕВ Александр Васильевич",,"tmp/gusev/gusev.inc.php"
"173","ДАВЫДОВ Денис Васильевич",,"tmp/davydov/davydov.inc.php"
"174","ДАЛМАТОВ (ЛУКИЧ)  Василий Пантелеймонович",,"tmp/dalmatov/dalmatov.inc.php"
"175","ДАНИЛЕВСКИЙ Николай Николаевич",,"tmp/danilevskiy/danilevskiy.inc.php"
"176","ДЕМБО Елена Владимировна",,"tmp/dembo/dembo.inc.php"
"177","ДЕРЖАВИН Андрей Алексеевич",,"tmp/derzhavin/derzhavin.inc.php"
"178","ДЖАНПОЛАДОВ Вахтанг Павлович",,"tmp/dzhanpoladov/dzhanpoladov.inc.php"
"179","ДМИТРИЕВ Иван Дмитриевич",,"tmp/dmitriev/dmitriev.inc.php"
"180","ДОБРОТИН Николай Алексеевич",,"tmp/dobrotin/dobrotin.inc.php"
"181","ДОЛГАНОВ Александр Васильевич",,"tmp/dolganov/dolganov.inc.php"
"182","ДОЛГОВ Пётр Иванович",,"tmp/dolgov/dolgov.inc.php"
"183","ДОЛГОРУКОВ Павел Васильевич",,"tmp/dolgorukov_p_v/dolgorukov_p_v.inc.php"
"184","ДОЛГОРУКОВ Иван Михайлович",,"tmp/dolgorukov/dolgorukov.inc.php"
"185","ДОЛГУШИН Донат Александрович",,"tmp/dolgushin/dolgushin.inc.php"
"186","ДРУЖИНИН Павел Давыдович",,"tmp/druzhinin/druzhinin.inc.php"
"187","ДЫМКОВ Николай Петрович",,"tmp/dymkov/dymkov.inc.php"
"188","ЕВГРАФОВ Константин Романович",,"tmp/evgrafov/evgrafov.inc.php"
"189","ЕВПСИХИЙ (Горенко)",,"tmp/evpsihiy/evpsihiy.inc.php"
"190","ЕВРЕИНОВ Александр Александрович",,"tmp/evreinov/evreinov.inc.php"
"191","ЕВСТИФЕЕВ Николай Тимофеевич",,"tmp/evstifeev/evstifeev.inc.php"
"192","ЕЗЕРСКИЙ Николай Фёдорович",,"tmp/ezerskiy/ezerskiy.inc.php"
"193","ЕЛАЕВ Михаил Эммануилович",,"tmp/elaev/elaev.inc.php"
"194","ЕЛИЗАРОВ Александр Матвеевич",,"tmp/elizarov/elizarov.inc.php"
"195","ЕНИШЕРЛОВ Николай Михайлович",,"tmp/enisherlov/enisherlov.inc.php"
"196","ЕПИШИН Георгий Дмитриевич",,"tmp/epishin/epishin.inc.php"
"197","ЕРЕМИН Дмитрий Иванович",,"tmp/eremin/eremin.inc.php"
"198","ЕРЗУНОВ Виктор Иванович",,"tmp/erzunov/erzunov.inc.php"
"199","ЕРМИН Лев Борисович",,"tmp/ermin/ermin.inc.php"
"200","ЕШЕ Егор Богданович",,"tmp/eshe/eshe.inc.php"
"201","ЖЕБРАКРУСТАНОВИЧ Михаил Антонович",,"tmp/zhebrak/zhebrak.inc.php"
"202","ЖЕМЧУЖНИКОВ Лев Михайлович",,"tmp/zhemchuzhnikov_l_m/zhemchuzhnikov_l_m.inc.php"
"203","ЖЕМЧУЖНИКОВ Александр Михайлович",,"tmp/zhemchuzhnikov/zhemchuzhnikov.inc.php"
"204","ЖУКОВ Василий Егорович",,"tmp/zhukov/zhukov.inc.php"
"205","ЖУКОВСКИЙ Алексей Кириллович",,"tmp/zhukovskiy/zhukovskiy.inc.php"
"206","ЖУРАВЛЕВ Валентин Михайлович",,"tmp/zhuravlev/zhuravlev.inc.php"
"207","ЗАБЕЖИНСКИЙ Лев Моисеевич",,"tmp/zabezhinskiy/zabezhinskiy.inc.php"
"208","ЗАВАРИЦКИЙ Александр Николаевич",,"tmp/zavarickiy/zavarickiy.inc.php"
"209","ЗАГОСКИН Михаил Николаевич",,"tmp/zagoskin_m_n/zagoskin_m_n.inc.php"
"210","ЗАГОСКИН Николай Павлович",,"tmp/zagoskin_n_p/zagoskin_n_p.inc.php"
"211","ЗАГОСКИН Лаврентий Алексеевич",,"tmp/zagoskin/zagoskin.inc.php"
"212","ЗАДОРНОВ Николай Павлович",,"tmp/zadornov/zadornov.inc.php"
"213","ЗАЗУБРИН Владимир Яковлевич",,"tmp/zazubrin/zazubrin.inc.php"
"214","ЗАЙДФУДИМ Павел Хаскельевич",,"tmp/zaydfudim/zaydfudim.inc.php"
"215","ЗАЙЦЕВ Иван Кондратьевич",,"tmp/zaycev_i_k/zaycev_i_k.inc.php"
"216","ЗАЙЦЕВ Василий Иванович",,"tmp/zaycev/zaycev.inc.php"
"217","ЗАКРЕВСКИЙ Арсений Андреевич",,"tmp/zakrevskiy/zakrevskiy.inc.php"
"218","ЗАМОЙСКИЙ (Зевалкин) Пётр Иванович",,"tmp/zamoyskiy/zamoyskiy.inc.php"
"219","ЗАРИН Евфимий Фёдорович",,"tmp/zarin/zarin.inc.php"
"220","ЗАРУБИН Георгий Николаевич",,"tmp/zarubin/zarubin.inc.php"
"221","ЗАСТРОЖНЫЙ Владимир Кириллович",,"tmp/zastrozhnyy/zastrozhnyy.inc.php"
"222","ЗАТУЛИВЕТЕР Янина Михайловна",,"tmp/zatuliveter/zatuliveter.inc.php"
"223","ЗАХАРОВ Владимир Иванович",,"tmp/zaharov/zaharov.inc.php"
"224","ЗАХАРЧЕНКО-ШУЛЬЦ (ур. Лысова) Мария Владиславовна ",,"tmp/zaharchenko/zaharchenko.inc.php"
"225","ЗАХАРЬИН Сергей Наумович",,"tmp/zaharin_s_n/zaharin_s_n.inc.php"
"226","ЗАХАРЬИН Григорий Антонович",,"tmp/zaharin/zaharin.inc.php"
"227","ЗИКЕЕВ Виктор Сергеевич",,"tmp/zikeev/zikeev.inc.php"
"228","ЗУБКОВ Борис Фёдорович",,"tmp/zubkov/zubkov.inc.php"
"229","ЗУБОВ Афанасий Николаевич",,"tmp/zubov/zubov.inc.php"
"230","ЗУСКИН Беньямин Лейбович",,"tmp/zuskin/zuskin.inc.php"
"231","ИВАНИСОВ Михаил Иванович",,"tmp/ivanisov/ivanisov.inc.php"
"232","ИВАНОВ Евгений Петрович",,"tmp/ivanov_e_p/ivanov_e_p.inc.php"
"233","ИВАНОВ Лев Николаевич",,"tmp/ivanov_l_n/ivanov_l_n.inc.php"
"234","ИВАНОВ Павел Валентинович",,"tmp/ivanov_p__v/ivanov_p__v.inc.php"
"235","ИВАНОВ Филипп Антонович",,"tmp/ivanov_f_a/ivanov_f_a.inc.php"
"236","ИВАНОВА Валентина Ивановна",,"tmp/ivanova/ivanova.inc.php"
"237","ИГОШЕВ Александр Александрович",,"tmp/igoshev/igoshev.inc.php"
"238","ИЛЛЮСТРОВ Иакинф Иванович",,"tmp/illyustrov_i_i/illyustrov_i_i.inc.php"
"239","ИЛЛЮСТРОВ Пётр Михайлович",,"tmp/illyustrov_p_m/illyustrov_p_m.inc.php"
"240","ИЛЬМИНСКИЙ Николай Иванович",,"tmp/ilminskiy/ilminskiy.inc.php"
"241","ИЛЮХИН Виктор Иванович",,"tmp/ilyuhin/ilyuhin.inc.php"
"242","ИЛЮШИН Валериан Фёдорович",,"tmp/ilyushin/ilyushin.inc.php"
"243","ИННОКЕНТИЙ (СМИРНОВ)",,"tmp/innokentiy/innokentiy.inc.php"
"244","ИНСАРСКИЙ Василий Антонович",,"tmp/insarskiy/insarskiy.inc.php"
"245","ИНЮШКИН Николай Михайлович",,"tmp/inyushkin/inyushkin.inc.php"
"246","ИРИНЕЙ (Нестерович Иван Гаврилович)",,"tmp/iriney/iriney.inc.php"
"247","ИСТОМИН Владимир Иванович",,"tmp/istomin/istomin.inc.php"
"248","ИШУТИН Николай Андреевич",,"tmp/ishutin/ishutin.inc.php"
"249","КАБАНОВ Александр Фёдорович",,"tmp/kabanov_a_f/kabanov_a_f.inc.php"
"250","КАБАНОВ Александр Михайлович",,"tmp/kabanov/kabanov.inc.php"
"251","КАДОМЦЕВ Борис Борисович",,"tmp/kadomcev/kadomcev.inc.php"
"252","КАЗАКОВ Александр Владимирович",,"tmp/kazakov/kazakov.inc.php"
"253","КАЗЕЕВЫ Степан Антонович, Николай Степанович",,"tmp/kazeevy/kazeevy.inc.php"
"254","КАЛАШНИКОВ Александр Серафимович",,"tmp/kalashnikov/kalashnikov.inc.php"
"255","КАЛИНИНА (БАЖИНА) Ирина Владимировна",,"tmp/kalinina/kalinina.inc.php"
"256","КАПЛАН Михаил Яковлевич",,"tmp/kaplan/kaplan.inc.php"
"257","КАПЛИНСКИЙ Василий Яковлевич",,"tmp/kaplinskiy/kaplinskiy.inc.php"
"258","КАРАКОЗОВ Дмитрий Владимирович",,"tmp/karakozov/karakozov.inc.php"
"259","КАРАСЕВ Алексей Николаевич",,"tmp/karasev_a_n/karasev_a_n.inc.php"
"260","КАРАСЕВ Владимир Якумович",,"tmp/karasev_v_ya/karasev_v_ya.inc.php"
"261","КАРАСЕВ Павел Алексеевич",,"tmp/karasev_p_a/karasev_p_a.inc.php"
"262","КАРЕВА Галина Алексеевна",,"tmp/kareva/kareva.inc.php"
"263","КАРПИНСКИЙ Вячеслав Алексеевич",,"tmp/karpinskiy/karpinskiy.inc.php"
"264","КАРПОВ Виктор Павлович",,"tmp/karpov/karpov.inc.php"
"265","КАСТОРСКИЙ Алексей Васильевич",,"tmp/kastorskiy/kastorskiy.inc.php"
"266","КАШИРСКИЙ Владимир Викторович",,"tmp/kashirskiy/kashirskiy.inc.php"
"267","КЕЛЬНЕР Александр Александрович",,"tmp/kelner/kelner.inc.php"
"268","КЕРЕНСКИЙ Фёдор Михайлович",,"tmp/kerenskiy/kerenskiy.inc.php"
"269","КИРЕЕВ Александр Дмитриевич",,"tmp/kireev/kireev.inc.php"
"270","КИРИЧЕНКО Алексей Илларионович",,"tmp/kirichenko/kirichenko.inc.php"
"271","КИРСАНОВ Пётр Михайлович",,"tmp/kirsanov/kirsanov.inc.php"
"272","КИСЕЛЕВ Александр Григорьевич",,"tmp/kiselev_a_g/kiselev_a_g.inc.php"
"273","КИСЕЛЕВ Павел Дмитриевич",,"tmp/kiselev_p_d/kiselev_p_d.inc.php"
"274","КИСЕЛЕВА (ур. княжна ЧЕГОДАЕВА)",,"tmp/kiseleva/kiseleva.inc.php"
"275","КИШЕНСКИЙ Николай Фёдорович",,"tmp/kishenskiy/kishenskiy.inc.php"
"276","КЛЕТОЧНИКОВ Николай Васильевич",,"tmp/kletochnikov/kletochnikov.inc.php"
"277","КЛИНЧЕНКО Борис Павлович",,"tmp/klinchenko/klinchenko.inc.php"
"278","КЛОДТ фон ЮРГЕНСБУРГ Константин Александрович",,"tmp/klodt_fon_yurgensburg/klodt_fon_yurgensburg.inc.php"
"279","КЛОЧКОВДИЕВ Василий Георгиевич",,"tmp/klochkov/klochkov.inc.php"
"280","КЛЮЧЕВСКИЙ Василий Осипович",,"tmp/klyuchevskiy/klyuchevskiy.inc.php"
"281","КНОРРЕ Павел Карлович",,"tmp/knorre/knorre.inc.php"
"282","КОВЛЯГИН Анатолий Фёдорович",,"tmp/kovlyagin/kovlyagin.inc.php"
"283","КОЖАРИНОВ Владимир Васильевич",,"tmp/kozharinov/kozharinov.inc.php"
"284","КОЖЕВНИКОВ",,"tmp/kozhevnikov/kozhevnikov.inc.php"
"285","КОЖИН Василий Иванович",,"tmp/kozhin/kozhin.inc.php"
"286","КОЛОБОВ Григорий Романович",,"tmp/kolobov_g_r/kolobov_g_r.inc.php"
"287","КОЛОБОВ Николай Романович",,"tmp/kolobov_n_r/kolobov_n_r.inc.php"
"288","КОЛОКОЛЬЦЕВ Владимир Александрович",,"tmp/kolokolcev_v_a/kolokolcev_v_a.inc.php"
"289","КОЛОКОЛЬЦОВ Григорий Дмитриевич",,"tmp/kolokolcov_g_d/kolokolcov_g_d.inc.php"
"290","КОЛЯДО Владимир Наумович",,"tmp/kolyado/kolyado.inc.php"
"291","КОНДРАШИН Виктор Викторович",,"tmp/kondrashin_v_v/kondrashin_v_v.inc.php"
"292","КОНДРАШИН Николай Алексеевич",,"tmp/kondrashin_n_a/kondrashin_n_a.inc.php"
"293","КОРКУНОВ Михаил Андреевич",,"tmp/korkunov/korkunov.inc.php"
"294","КОРОВИН Павел Михайлович",,"tmp/korovin/korovin.inc.php"
"295","КОРОЛЬ Анна Степановна",,"tmp/korol/korol.inc.php"
"296","КОСАРЕВ Александр Васильевич",,"tmp/kosarev/kosarev.inc.php"
"297","КОСАЧЕВ Владимир Павлович",,"tmp/kosachev/kosachev.inc.php"
"298","КОСМАТОВ Александр Васильевич",,"tmp/kosmatov_a_v/kosmatov_a_v.inc.php"
"299","КОСМАТОВ Леонид Васильевич",,"tmp/kosmatov_l_v/kosmatov_l_v.inc.php"
"300","КОСМИНСКИЙ Александр Александрович",,"tmp/kosminskiy/kosminskiy.inc.php"
"301","КОТЛЯР Николай Алексеевич",,"tmp/kotlyar/kotlyar.inc.php"
"302","КОТРАНСКИЙ (Катранский, Котрацкий) Юрий Ермолаевич",,"tmp/kotranskiy/kotranskiy.inc.php"
"303","КОШЕЛЕВ Николай Андреевич",,"tmp/koshelev/koshelev.inc.php"
"304","КОШКО Иван (Мячеслав) Францевич",,"tmp/koshko/koshko.inc.php"
"305","КРАСИН Юрий Андреевич",,"tmp/krasin/krasin.inc.php"
"306","КРАСНОВ Анатолий Андреевич",,"tmp/krasnov_a_a/krasnov_a_a.inc.php"
"307","КРАСНОВ Александр Петрович",,"tmp/krasnov_a_p/krasnov_a_p.inc.php"
"308","КРАСНОПОЛЬСКИЙ Алексей Сергеевич",,"tmp/krasnopolskiy/krasnopolskiy.inc.php"
"309","КРЕЙТНЕР Густав Александрович",,"tmp/kreytner_g_a/kreytner_g_a.inc.php"
"310","КРЕЙТНЕР Георгий Густавович",,"tmp/kreytner_g_g/kreytner_g_g.inc.php"
"311","КРОТКОВ Александр Августинович",,"tmp/krotkov/krotkov.inc.php"
"312","КУЗНЕЦОВ Александр Павлович",,"tmp/kuznecov_a_p/kuznecov_a_p.inc.php"
"313","КУЗНЕЦОВ Николай Дмитриевич",,"tmp/kuznecov_n_d/kuznecov_n_d.inc.php"
"314","КУЛАГИН Виктор Константинович",,"tmp/kulagin/kulagin.inc.php"
"315","КУЛАКОВ Фёдор Давыдович",,"tmp/kulakov/kulakov.inc.php"
"316","КУЛАХМЕТОВ Гафур (Габдулгафар) Юнусович",,"tmp/kulahmetov/kulahmetov.inc.php"
"317","КУЛИКОВ Константин Николаевич",,"tmp/kulikov_k_n/kulikov_k_n.inc.php"
"318","КУЛИКОВ Фёдор Михайлович",,"tmp/kulikov_f_m/kulikov_f_m.inc.php"
"319","КУЛЬНЕВ Сергей Васильевич",,"tmp/kulnev/kulnev.inc.php"
"320","КУПРИН Александр Иванович",,"tmp/kuprin/kuprin.inc.php"
"321","КУРАЕВ Василий Владимирович",,"tmp/kuraev/kuraev.inc.php"
"322","КУРАКИН Александр Борисович",,"tmp/kurakin_a_b/kurakin_a_b.inc.php"
"323","КУРАКИН Борис Иванович",,"tmp/kurakin_b_i/kurakin_b_i.inc.php"
"324","КУРАШОВ Сергей Владимирович",,"tmp/kurashov/kurashov.inc.php"
"325","КУТУЗОВЫ Петр, Александр, Георгий Владимировичи",,"tmp/kutuzovy/kutuzovy.inc.php"
"326","КУТЫРЕВ Алексей Михайлович",,"tmp/kutyrev/kutyrev.inc.php"
"327","ЛАВРОВА Наталья Александровна",,"tmp/lavrova/lavrova.inc.php"
"328","ЛАДЫГИНА-КОТС Надежда Николаевна",,"tmp/ladygina/ladygina.inc.php"
"329","КУТУЗОВЫ Александр, Борис, Георгий, Петр Владимировичи",,"tmp/kutuzovy/kutuzovy.inc.php"
"330","ЛАДЫЖЕНСКИЙ Гавриил Михайлович",,"tmp/ladyzhenskiy_g_m/ladyzhenskiy_g_m.inc.php"
"331","ЛАДЫЖЕНСКИЙ Фёдор Михайлович",,"tmp/ladyzhenskiy_f_m/ladyzhenskiy_f_m.inc.php"
"332","ЛАДЫЖЕНСКИЙ Владимир Николаевич",,"tmp/ladyzhenskiy/ladyzhenskiy.inc.php"
"333","ЛАЖЕЧНИКОВ Иван Иванович",,"tmp/lazhechnikov/lazhechnikov.inc.php"
"334","ЛАЗАРЕВ Пётр Степанович",,"tmp/lazarev/lazarev.inc.php"
"335","ЛАПИН Василий Васильевич",,"tmp/lapin_v_v/lapin_v_v.inc.php"
"336","ЛАПИН Пётр Иванович",,"tmp/lapin_p_i/lapin_p_i.inc.php"
"337","ЛАЧИНОВ Елисей Протасьевич",,"tmp/lachinov/lachinov.inc.php"
"338","ЛЕБЕДЕВ Борис Иванович",,"tmp/lebedev_b_i/lebedev_b_i.inc.php"
"339","ЛЕБЕДЕВ Владимир Александрович",,"tmp/lebedev_v_a/lebedev_v_a.inc.php"
"340","ЛЕБЕДЕВ Виталий Иванович",,"tmp/lebedev_v_i/lebedev_v_i.inc.php"
"341","ЛЕБЕДЕВ Кастор Никифорович",,"tmp/lebedev_k_n/lebedev_k_n.inc.php"
"342","ЛЕВИТСКИЙ Пётр Иванович",,"tmp/levitskiy/levitskiy.inc.php"
"343","ЛЕНТУЛОВ Аристарх Васильевич",,"tmp/lentulov/lentulov.inc.php"
"344","ЛЕОНТЬЕВ Иван Сергеевич",,"tmp/leontev/leontev.inc.php"
"345","ЛЕПУНОВ Николай Степанович",,"tmp/lepunov/lepunov.inc.php"
"346","ЛЕРМОНТОВ Михаил Юрьевич",,"tmp/lermontov/lermontov.inc.php"
"347","ЛЕСКОВ Николай Семёнович",,"tmp/leskov/leskov.inc.php"
"348","ЛИЛИЕНФЕЛЬД Фон ТОАЛЬ Анатолий Павлович",,"tmp/lilienfeld_fon_toal/lilienfeld_fon_toal.inc.php"
"349","ЛОБОВ Валентин Николаевич",,"tmp/lobov/lobov.inc.php"
"350","ЛОМАКОВА-ХОЛОДОВА Лина Степановна",,"tmp/lomakova-holodova/lomakova-holodova.inc.php"
"351","ЛОМОВСКИЙ Михаил Петрович",,"tmp/lomovskiy/lomovskiy.inc.php"
"352","ЛУБЯНОВСКИЙ Фёдор Петрович",,"tmp/lubyanovskiy/lubyanovskiy.inc.php"
"353","ЛУЖИН Иван Дмитриевич",,"tmp/luzhin/luzhin.inc.php"
"354","ЛУКАШИН Игорь Владимирович",,"tmp/lukashin/lukashin.inc.php"
"355","ЛЫЗЛОВ Андрей Иванович",,"tmp/lyzlov/lyzlov.inc.php"
"356","ЛЮБИМОВ Александр Евграфович",,"tmp/lyubimov/lyubimov.inc.php"
"357","ЛЮБИМОВА Антонина Васильевна",,"tmp/lyubimova/lyubimova.inc.php"
"358","ЛЯЛЕЧКИН Иван Осипович",,"tmp/lyalechkin/lyalechkin.inc.php"
"359","МАГЗИГ Эрнест Иванович",,"tmp/magzig/magzig.inc.php"
"360","МАГНИЦКИЙ Александр Николаевич",,"tmp/magnickiy_a_n/magnickiy_a_n.inc.php"
"361","МАГНИЦКИЙ Владимир Александрович",,"tmp/magnickiy_v_a/magnickiy_v_a.inc.php"
"362","МАЗУРИН Герман Алексеевич",,"tmp/mazurin/mazurin.inc.php"
"363","МАЙМИНАС Ефрем (Эфраим) Залманович",,"tmp/mayminas/mayminas.inc.php"
"364","МАЙОРОВ Сергей Александрович",,"tmp/mayorov/mayorov.inc.php"
"365","МАКАРОВ Иван Кузьмич",,"tmp/makarov_i_k/makarov_i_k.inc.php"
"366","МАКАРОВ Кузьма Александрович",,"tmp/makarov_k_a/makarov_k_a.inc.php"
"367","МАКСИМОВ Александр Павлович",,"tmp/maksimov_a_p/maksimov_a_p.inc.php"
"368","МАКСИМОВ Евгений Павлович",,"tmp/maksimov_e_p/maksimov_e_p.inc.php"
"369","МАКСУТОВ Дмитрий Петрович",,"tmp/maksutov/maksutov.inc.php"
"370","МАКСЯШЕВ Пётр Фёдорович",,"tmp/maksyashev/maksyashev.inc.php"
"371","МАЛИНИН Каллиник Михайлович",,"tmp/malinin/malinin.inc.php"
"372","МАЛКИН Борис Фёдорович",,"tmp/malkin/malkin.inc.php"
"373","МАЛОВСКИЙ Алексей Александрович",,"tmp/malovskiy/malovskiy.inc.php"
"374","МАЛЫШКИН Александр Георгиевич",,"tmp/malyshkin/malyshkin.inc.php"
"375","МАЛЬШАКОВ Николай Петрович",,"tmp/malshakov/malshakov.inc.php"
"376","МАМИН Владимир Фёдорович",,"tmp/mamin/mamin.inc.php"
"377","МАНСУРОВ Николай Павлович",,"tmp/mansurov/mansurov.inc.php"
"378","МАНСУРОВА (ВОЛЛЕРШТЕЙН) Цецилия Львовна",,"tmp/mansurova/mansurova.inc.php"
"379","МАНУЙЛОВ Виктор Матвеевич",,"tmp/manuylov/manuylov.inc.php"
"380","МАРИЕНГОФ Анатолий Борисович",,"tmp/mariengof/mariengof.inc.php"
"381","МАРКИН Николай Григорьевич",,"tmp/markin/markin.inc.php"
"382","МАРСОВА Тамара Евдокимовна",,"tmp/marsova/marsova.inc.php"
"383","МАРТЫНЕНКО Татьяна Тарасовна",,"tmp/martynenko/martynenko.inc.php"
"384","МАРТЫНОВ Борис Григорьевич",,"tmp/martynov_b_g/martynov_b_g.inc.php"
"385","МАРТЫНОВ Савва Михайлович",,"tmp/martynov_s_m/martynov_s_m.inc.php"
"386","МАРТЫНОВ Фёдор Михайлович",,"tmp/martynov_f_m/martynov_f_m.inc.php"
"387","МАРТЯШИН Александр Иванович",,"tmp/martyashin/martyashin.inc.php"
"388","МАРЬИН Александр Иванович",,"tmp/marin/marin.inc.php"
"389","МАСАЛЬСКАЯ Нина Николаевна",,"tmp/masalskaya/masalskaya.inc.php"
"390","МАСЛОВ Сергей Иванович",,"tmp/maslov/maslov.inc.php"
"391","МАСЛОВА Анна Васильевна",,"tmp/maslova/maslova.inc.php"
"392","МАСЛОВСКИЙ Алексей Илларионович",,"tmp/maslovskiy_a_i/maslovskiy_a_i.inc.php"
"393","МАСЛОВСКИЙ Михаил Илларионович",,"tmp/maslovskiy_m_i/maslovskiy_m_i.inc.php"
"394","МАТВЕЕВ",,"tmp/matveev_b_p/matveev_b_p.inc.php"
"395","МАТВЕЕВ Владимир Андреевич",,"tmp/matveev_v_a/matveev_v_a.inc.php"
"396","МАТКИН Борис Александрович",,"tmp/matkin/matkin.inc.php"
"397","МАТЮШКИНА Анна Алексеевна,",,"tmp/matyushkina/matyushkina.inc.php"
"398","МАХАЛИН Алексей Ефимович",,"tmp/mahalin/mahalin.inc.php"
"399","МАЧИНСКИЙ Пётр Матвеевич",,"tmp/machinskiy/machinskiy.inc.php"
"400","МАЯКОВСКИЙ Владимир Владимирович",,"tmp/mayakovskiy/mayakovskiy.inc.php"
"401","МАЯТ Валентин Сергеевич",,"tmp/mayat/mayat.inc.php"
"402","МЕДВЕДЕВ Дмитрий Анатольевич",,"tmp/medvedev_d_a/medvedev_d_a.inc.php"
"403","МЕДВЕДЕВ Николай Александрович",,"tmp/medvedev_n_a/medvedev_n_a.inc.php"
"404","МЕДВЕДЕВ Пётр Михайлович",,"tmp/medvedev_p_m/medvedev_p_m.inc.php"
"405","МЕДВЕДКИН Александр Иванович",,"tmp/medvedkin/medvedkin.inc.php"
"406","МЕДЯНЦЕВА Екатерина Константиновна",,"tmp/medyanceva/medyanceva.inc.php"
"407","МЕЖИНСКИЙ Геннадий Павлович",,"tmp/mezhinskiy/mezhinskiy.inc.php"
"408","МЕЙЕРГОЛЬД (МАЙЕРГОЛЬД) Эмилий Фёдорович",,"tmp/meyergold_e_f/meyergold_e_f.inc.php"
"409","МЕЙЕРХОЛЬД Всеволод Эмильевич",,"tmp/meyerhold_v_e/meyerhold_v_e.inc.php"
"410","МЕЛЕНТЬЕВ Александр Реммович",,"tmp/melentev/melentev.inc.php"
"411","МЕЛИТОН (СОЛОВЬЁВ)",,"tmp/meliton/meliton.inc.php"
"412","МЕЛХИСЕДЕК (ЛЕБЕДЕВ)",,"tmp/melhisedek/melhisedek.inc.php"
"413","МЕРЕНЯШЕВ Андрей Иванович",,"tmp/merenyashev/merenyashev.inc.php"
"414","МЕРКУШЕВ Анатолий Фёдорович",,"tmp/merkushev/merkushev.inc.php"
"415","МЕРЦАЛОВ Василий Михайлович",,"tmp/mercalov_v_m/mercalov_v_m.inc.php"
"416","МЕРЦАЛОВ Пётр Васильевич",,"tmp/mercalov_p_m/mercalov_p_m.inc.php"
"417","МЕШКОВ Григорий Иванович",,"tmp/meshkov/meshkov.inc.php"
"418","МЕЩЕРСКИЙ Платон Степанович",,"tmp/mescherskiy/mescherskiy.inc.php"
"419","МЕЩЕРЯКОВ Василий Дмитриевич",,"tmp/mescheryakov_v_d/mescheryakov_v_d.inc.php"
"420","МЕЩЕРЯКОВ Иван Васильевич",,"tmp/mescheryakov_i_v/mescheryakov_i_v.inc.php"
"421","МЕЩЕРЯКОВ Николай Николаевич",,"tmp/mescheryakov_n_n/mescheryakov_n_n.inc.php"
"422","МИДОВ Лука Михайлович",,"tmp/midov/midov.inc.php"
"423","МИКЛАШЕВИЧ (МИКЛАШЕВИЧЕВА) Варвара Семёновна",,"tmp/miklashevich/miklashevich.inc.php"
"424","МИЛАШЕВСКИЙ Владимир Алексеевич",,"tmp/milashevskiy/milashevskiy.inc.php"
"425","МИЛОВСКИЙ (ЕЛЕОНСКИЙ) Сергей Николаевич",,"tmp/milovskiy/milovskiy.inc.php"
"426","МИЛЬМАН-КРИММЕР Рашель Марковна",,"tmp/milman/milman.inc.php"
"427","МИЛЮТИН Дмитрий Алексеевич",,"tmp/milyutin/milyutin.inc.php"
"428","МИНХ Николай Григорьевич",,"tmp/minh_n_g/minh_n_g.inc.php"
"429","МИРИМОВ Яков Львович",,"tmp/mirimov/mirimov.inc.php"
"430","МИРОНОСИЦКИЙ Алексей Петрович",,"tmp/mironosickiy_a_p/mironosickiy_a_p.inc.php"
"431","МИРОНОСИЦКИЙ Порфирий Петрович",,"tmp/mironosickiy_p_p/mironosickiy_p_p.inc.php"
"432","МИРОНОСИЦКИЙ Пётр Степанович (Стефанович)",,"tmp/mironosickiy_p_s/mironosickiy_p_s.inc.php"
"433","МИТРОФАН (НЕВСКИЙ Матвей Васильевич)",,"tmp/mitrofan_(nevskiy_matvey_vasilevich)/mitrofan_(nevskiy_matvey_vasilevich).inc.php"
"434","МИТРОФАН II (СИМАШКЕВИЧ Митрофан Васильевич)",,"tmp/mitrofan_ii_(simashkevich_mitrofan_vasilevich)/mitrofan_ii_(simashkevich_mitrofan_vasilevich).inc.php"
"435","МИХАЙЛОВСКИЕ-ДАНИЛЕВСКИЕ",,"tmp/mihaylovskie-danilevskie/mihaylovskie-danilevskie.inc.php"
"436","МОЗЖУХИН Александр Ильич",,"tmp/mozzhuhin_a_i/mozzhuhin_a_i.inc.php"
"437","МОЗЖУХИН Иван Ильич",,"tmp/mozzhuhin_i_i/mozzhuhin_i_i.inc.php"
"438","МОИСЕЕВ Юрий Иванович",,"tmp/moiseev_yu_i/moiseev_yu_i.inc.php"
"439","МОИСЕЙ (БЛИЗНЕЦОВ-ПЛАТОНОВ Михаил Ильич)",,"tmp/moisey_(bliznecov-platonov_mihail_ilich)/moisey_(bliznecov-platonov_mihail_ilich).inc.php"
"440","МОКРОВ Евгений Алексеевич",,"tmp/mokrov_e_a/mokrov_e_a.inc.php"
"441","МОЛЕБНОВ Михаил Петрович",,"tmp/molebnov_m_p/molebnov_m_p.inc.php"
"442","МОЛТЯНИНОВ Юрий Григорьевич",,"tmp/moltyaninov_yu_g/moltyaninov_yu_g.inc.php"
"443","МОЛЧАНОВ Борис Николаевич",,"tmp/molchanov_b_n/molchanov_b_n.inc.php"
"444","МОНАХОВ Евгений Фёдорович",,"tmp/monahov_e_f/monahov_e_f.inc.php"
"445","МОРАХОВСКИЙ Николай Владимирович",,"tmp/morahovskiy_n_v/morahovskiy_n_v.inc.php"
"446","МОРДВИНОВ Николай Семёнович",,"tmp/mordvinov_n_s/mordvinov_n_s.inc.php"
"447","МОРОЗОВ Иван Константинович",,"tmp/morozov_i_k/morozov_i_k.inc.php"
"448","МОРОЗОВ Павел Тимофеевич",,"tmp/morozov_p_t/morozov_p_t.inc.php"
"449","МОРОЗОВ Иван  Константинович",,"tmp/morozov/morozov.inc.php"
"450","МОЧАЛОВ Алексей Владиленович",,"tmp/mochalov_a_v/mochalov_a_v.inc.php"
"451","МОШКОВ Евгений Яковлевич",,"tmp/moshkov_e_ya/moshkov_e_ya.inc.php"
"452","МУНТ",,"tmp/munt/munt.inc.php"
"453","МУРАТОВ Степан Михайлович",,"tmp/muratov/muratov.inc.php"
"454","МУРОМЦЕВ Николай Селивёрстович",,"tmp/muromcev/muromcev.inc.php"
"455","МУСАТОВ Григорий Алексеевич",,"tmp/musatov/musatov.inc.php"
"456","МУТОВКИН Дмитрий Валерьевич",,"tmp/mutovkin/mutovkin.inc.php"
"457","МЯГКОВ Анатолий Тимофеевич",,"tmp/myagkov/myagkov.inc.php"
"458","МЯСНИКОВ Георг Васильевич",,"tmp/myasnikov/myasnikov.inc.php"
"459","МЯСОЕДОВ Николай Николаевич",,"tmp/myasoedov/myasoedov.inc.php"
"460","ЗУЕВА Анастасия Валерьевна",,"tmp/zueva/zueva.inc.php"
"461","НАКАШИДЗЕ Николай Авксентьевич",,"tmp/nakashidze/nakashidze.inc.php"
"462","НЕМИРОВСКИЙ Александр Иосифович",,"tmp/nemirovskiy/nemirovskiy.inc.php"
"463","НАЛОБИН Виктор Пантелеймонович",,"tmp/nalobin/nalobin.inc.php"
"464","НАТАЛЕВИЧ Никифор Яковлевич",,"tmp/natalevich/natalevich.inc.php"
"465","НАУМОВ Алексей Аввакумович",,"tmp/naumov_a_a/naumov_a_a.inc.php"
"466","НАУМОВ Иван Иванович",,"tmp/naumov_i_i/naumov_i_i.inc.php"
"467","НЕВЕЛЬСКОЙ Геннадий Иванович",,"tmp/nevelskoy/nevelskoy.inc.php"
"468","НЕВЕРЛИ (Newerly) (Абрамов Игорь Николаевич)",,"tmp/neverli/neverli.inc.php"
"469","НЕВЗОРОВ Василий Фёдорович",,"tmp/nevzorov/nevzorov.inc.php"
"470","НЕКЛЮДОВ Николай Адрианович",,"tmp/neklyudov/neklyudov.inc.php"
"471","НЕКРАСОВ Пётр Сергеевич",,"tmp/nekrasov/nekrasov.inc.php"
"472","НЕМЧИНОВ Василий Сергеевич",,"tmp/nemchinov/nemchinov.inc.php"
"473","НЕПЬЯНОВ Виктор Васильевич",,"tmp/nepyanov/nepyanov.inc.php"
"474","НЕРИС Саломея (БАЧИНСКАЙТЕ Бучене)",,"tmp/neris/neris.inc.php"
"475","НЕРОНОВ Фёдор Петрович",,"tmp/neronov/neronov.inc.php"
"476","НЕССЕЛЬРОДЕ Анатолий Дмитриевич",,"tmp/nesselrode/nesselrode.inc.php"
"477","НЕХОРОШЕВ Юрий Иванович",,"tmp/nehoroshev/nehoroshev.inc.php"
"478","НЕЧАЕВ Михаил Михайлович",,"tmp/nechaev/nechaev.inc.php"
"479","НИКИРЕЕВ Станислав Михайлович",,"tmp/nikireev/nikireev.inc.php"
"480","НИКИТИН Александр Георгиевич",,"tmp/nikitin/nikitin.inc.php"
"481","НИКИФОРОВ Лев Павлович",,"tmp/nikiforov_l_p/nikiforov_l_p.inc.php"
"482","НИКИФОРОВ Александр Макарович.",,"tmp/nikiforov/nikiforov.inc.php"
"483","НИКИШИН Пётр Осипович",,"tmp/nikishin/nikishin.inc.php"
"484","НИКОЛА (до 1923 г. — НИКОЛАЙ) ( ПОЗДНЕЕВ Пётр Алексеевич)",,"tmp/nikola/nikola.inc.php"
"485","НИКОЛАЕВ Николай Сергеевич",,"tmp/nikolaev_n_s/nikolaev_n_s.inc.php"
"486","НИКОЛАЙ (ДОБРОХОТОВ Никифор)",,"tmp/nikolay_(dobrohotov)/nikolay_(dobrohotov).inc.php"
"487","НИКОЛАЙ (Никанор Викторович ОРЛОВ)",,"tmp/nikolay_(nikanor_viktorovich_orlov)/nikolay_(nikanor_viktorovich_orlov).inc.php"
"488","НИКОЛАЙ I",,"tmp/nikolay_i/nikolay_i.inc.php"
"489","НИКОЛАЙ II",,"tmp/nikolay_ii/nikolay_ii.inc.php"
"490","НИКОЛЬСКИЙ Пётр Иванович",,"tmp/nikolskiy_p_i/nikolskiy_p_i.inc.php"
"491","НИКОЛЬСКИЙ Пётр Иванович († 05.03.1895) — магистр ветеринарных наук.",,"tmp/nikolskiy_p_i/nikolskiy_p_i.inc.php"
"492","НИКОЛЬСКИЙ Александр Васильевич",,"tmp/nikolskiy/nikolskiy.inc.php"
"493","НИКОН (ПЕТИН Александр Порфирьевич)",,"tmp/nikon_(petin_aleksandr_porfirevich)/nikon_(petin_aleksandr_porfirevich).inc.php"
"494","НИКУЛИН Александр Данилович",,"tmp/nikulin/nikulin.inc.php"
"495","НОВИКОВ Михаил Николаевич",,"tmp/novikov_m_n/novikov_m_n.inc.php"
"496","НОВИКОВ Филипп Иванович",,"tmp/novikov_f_i/novikov_f_i.inc.php"
"497","НОВИКОВ Иван Афанасьевич",,"tmp/novikov/novikov.inc.php"
"498","НОВИКОВАЗАРИНА Екатерина Ивановна",,"tmp/novikova-zarina/novikova-zarina.inc.php"
"499","НОВИЦКИЙ Василий Александрович",,"tmp/novickiy/novickiy.inc.php"
"500","НОВОЖИЛОВ Генрих Васильевич",,"tmp/novozhilov/novozhilov.inc.php"
"501","НОВОХАЦКИЙ Иосиф Иосифович",,"tmp/novohackiy/novohackiy.inc.php"
"502","НОДЕВ Освальд Яковлевич",,"tmp/nodev/nodev.inc.php"
"503","НОЗДРАЧЁВ Алексей Иванович",,"tmp/nozdrachyov/nozdrachyov.inc.php"
"504","НОРОВ Владимир Николаевич",,"tmp/norov/norov.inc.php"
"505","НОРШТЕЙН Юрий Борисович",,"tmp/norshteyn/norshteyn.inc.php"
"506","ОБОЛДУЕВ (АБАЛДУЕВ) Платон Никитич.",,"tmp/obolduev_(abalduev)/obolduev_(abalduev).inc.php"
"507","ОБОЛДУЕВ Никита Андреевич",,"tmp/obolduev/obolduev.inc.php"
"508","ОБОЛЕНСКИЙ Александр Дмитриевич",,"tmp/obolenskiy/obolenskiy.inc.php"
"509","ОБУХОВ Борис Петрович",,"tmp/obuhov/obuhov.inc.php"
"510","ОБЫДЕННИКОВ Ефим (Абрамович) Борисович",,"tmp/obydennikov/obydennikov.inc.php"
"511","ОВСОВ Андрей Лукич",,"tmp/ovsov/ovsov.inc.php"
"512","ОВТОВ Александр Григорьевич",,"tmp/ovtov/ovtov.inc.php"
"513","ОГАРЁВ Николай Платонович",,"tmp/ogaryov/ogaryov.inc.php"
"514","ОЖАРОВСКИЙ Фёдор Глебович",,"tmp/ozharovskiy/ozharovskiy.inc.php"
"515","ОЗЕРЕЦКИЙ Пётр Степанович",,"tmp/ozereckiy/ozereckiy.inc.php"
"516","ОЗНОБИШИН Никанор Иванович",,"tmp/oznobishin/oznobishin.inc.php"
"517","ОЗОЛИН Николай Георгиевич",,"tmp/ozolin/ozolin.inc.php"
"518","ОКОЛОВИЧ Николай Андреевич",,"tmp/okolovich/okolovich.inc.php"
"519","ОЛДРИДЖ Айра Фредерик",,"tmp/oldridzh/oldridzh.inc.php"
"520","ОЛЕЙНИКОВА Зинаида Иосифовна",,"tmp/oleynikova/oleynikova.inc.php"
"521","ОЛЕНЕВСКИЙ Иоанн (КАЛИНИН Иван Васильевич)",,"tmp/olenevskiy/olenevskiy.inc.php"
"522","ОЛСУФЬЕВЫ",,"tmp/olsufevy/olsufevy.inc.php"
"523","ОЛФЕРЬЕВ (АЛФЕРЬЕВ) Иван Васильевич",,"tmp/olferev_(alferev)_i_v/olferev_(alferev)_i_v.inc.php"
"524","ОЛФЕРЬЕВ (АЛФЕРЬЕВ) Павел Васильевич",,"tmp/olferev_(alferev)_p__v/olferev_(alferev)_p__v.inc.php"
"525","ОЛФЕРЬЕВ Сергей Петрович",,"tmp/olferev_s_p/olferev_s_p.inc.php"
"526","ОНЧУКОВ Николай Евгеньевич",,"tmp/onchukov/onchukov.inc.php"
"527","ОПОЧИНИН Пётр Михайлович",,"tmp/opochinin_p_m/opochinin_p_m.inc.php"
"528","ОПОЧИНИН Фёдор Петрович",,"tmp/opochinin_f_p/opochinin_f_p.inc.php"
"529","ОППЕЛЬ Владимир Андреевич",,"tmp/oppel/oppel.inc.php"
"530","ОРЕЛКИН Пётр Фёдорович",,"tmp/orelkin/orelkin.inc.php"
"531","ОРЛОВ Александр Петрович",,"tmp/orlov_a_p/orlov_a_p.inc.php"
"532","ОРЛОВ Дмитрий Александрович",,"tmp/orlov_d_a/orlov_d_a.inc.php"
"533","ОРЛОВ Михаил Павлович",,"tmp/orlov_m_p/orlov_m_p.inc.php"
"534","ОРЛОВ Николай Александрович",,"tmp/orlov_n_a/orlov_n_a.inc.php"
"535","ОРЛОВ Николай Платонович",,"tmp/orlov_n_p/orlov_n_p.inc.php"
"536","ОСЕННИКОВ Тихон Семёнович",,"tmp/osennikov/osennikov.inc.php"
"537","ОСТРОВИДОВ Фёдор Петрович",,"tmp/ostrovidov/ostrovidov.inc.php"
"538","ОСТРОУМОВ Андрей Андреевич",,"tmp/ostroumov_a_a/ostroumov_a_a.inc.php"
"539","ОСТРОУМОВ Борис Андреевич",,"tmp/ostroumov_b_a/ostroumov_b_a.inc.php"
"540","ОХЛОПКОВ Илья Михайлович",,"tmp/ohlopkov/ohlopkov.inc.php"
"541","ОХОТНИКОВ Владимир Николаевич",,"tmp/ohotnikov/ohotnikov.inc.php"
"542","ОЧКИН Амплий Николаевич",,"tmp/ochkin/ochkin.inc.php"
"543","ОЯ Альфред Альфредович",,"tmp/oya/oya.inc.php"
"544","ПАВЕЛ (БОРИСОВСКИЙ Павел Петрович)",,"tmp/pavel(borisovskiy)/pavel(borisovskiy).inc.php"
"545","ПАВЕЛ (ПАШКЕВИЧ Геннадий Александрович)",,"tmp/pavel(pashkevich)/pavel(pashkevich).inc.php"
"546","ПАВЛИН (КРОШЕЧКИН) Пётр Кузьмич",,"tmp/pavlin/pavlin.inc.php"
"547","ПАВЛУШКИН Николай Сазонович",,"tmp/pavlushkin/pavlushkin.inc.php"
"548","ПАННИКОВ Виктор Дмитриевич",,"tmp/pannikov/pannikov.inc.php"
"549","ПАНЧУЛИДЗЕВ Александр Алексеевич",,"tmp/panchulidzev_aleksandr/panchulidzev_aleksandr.inc.php"
"550","ПАНЧУЛИДЗЕВ Алексей Александрович",,"tmp/panchulidzev_aleksey/panchulidzev_aleksey.inc.php"
"551","ПАНЧУЛИДЗЕВ Давид Александрович",,"tmp/panchulidzev_david/panchulidzev_david.inc.php"
"552","ПАНЧУЛИДЗЕВ Евгений Алексеевич",,"tmp/panchulidzev_evgeniy/panchulidzev_evgeniy.inc.php"
"553","ПАНЧУЛИДЗЕВ Сергей Алексеевич",,"tmp/panchulidzev_sergey/panchulidzev_sergey.inc.php"
"554","ПАНЧУЛИДЗЕВА (СУШКОВА) Софья Николаевна",,"tmp/panchulidzeva/panchulidzeva.inc.php"
"555","ПАНЬШИН Фёдор Петрович",,"tmp/panshin/panshin.inc.php"
"556","ПАНЮТИН Фёдор Сергеевич",,"tmp/panyutin/panyutin.inc.php"
"557","ПАРШИН Пётр Иванович",,"tmp/parshin/parshin.inc.php"
"558","ПАХАЛИНА Юлия Владимировна",,"tmp/pahalina/pahalina.inc.php"
"559","ПАЦАЕВ Виктор Иванович",,"tmp/pacaev/pacaev.inc.php"
"560","ПЕНЗИН Виктор Петрович",,"tmp/penzin/penzin.inc.php"
"561","ПЕНКИН Сергей Михайлович",,"tmp/penkin/penkin.inc.php"
"562","ПЕНТЮХ Владимир Викторович",,"tmp/pentyuh/pentyuh.inc.php"
"563","ПЕРВУХИН Василий Алексеевич",,"tmp/pervuhin/pervuhin.inc.php"
"564","ПЕРЕВОЩИКОВ Василий Матвеевич",,"tmp/perevoschikov/perevoschikov.inc.php"
"565","ПЕРЦОВ Александр Петрович",,"tmp/percov_aleksandr/percov_aleksandr.inc.php"
"566","ПЕРЦОВ Константин Петрович",,"tmp/percov_konstantin/percov_konstantin.inc.php"
"567","ПЕТЕРСОН Александр Григорьевич",,"tmp/peterson_aleksandr/peterson_aleksandr.inc.php"
"568","ПЕТЕРСОН Григорий Павлович",,"tmp/peterson_grigoriy/peterson_grigoriy.inc.php"
"569","ПЕТЕРСОН Михаил Николаевич",,"tmp/peterson_mihail/peterson_mihail.inc.php"
"570","ПЕТЕРСОН Николай Павлович",,"tmp/peterson_nikolay/peterson_nikolay.inc.php"
"571","ПЕТРАЧКОВ Павел Анатольевич",,"tmp/petrachkov/petrachkov.inc.php"
"572","ПЕТРАШ Павел Григорьевич",,"tmp/petrash/petrash.inc.php"
"573","ПЕТРОВ Александр Васильевич",,"tmp/petrov_aleksandr/petrov_aleksandr.inc.php"
"574","ПЕТРОВ Николай Филиппович",,"tmp/petrov_nikolay/petrov_nikolay.inc.php"
"575","ПЕТРОВ Сергей Павлович",,"tmp/petrov_sergey/petrov_sergey.inc.php"
"576","ПЕТРОВ Юрий (Георгий) Николаевич",,"tmp/petrov_yuriy/petrov_yuriy.inc.php"
"577","ПИХТИЛЕВА Мария Михеевна  (р. 20.01.1924) — новатор и передовик производства, Герой Социалистического Труда (1971).",,"tmp/pihtileva/pihtileva.inc.php"
"578","ПЛАМЕННОВ Илья Яковлевич",,"tmp/plamennov/plamennov.inc.php"
"579","ПОБЫВАНЕЦ Павел Петрович",,"tmp/pobyvanec/pobyvanec.inc.php"
"580","ПОДОБЕДОВ Роман Леонидович",,"tmp/podobedov/podobedov.inc.php"
"581","ПОКРОВСКИЙ Владимир Александрович",,"tmp/pokrovskiy/pokrovskiy.inc.php"
"582","ПОЛБИЦЫН Георгий Тимофеевич",,"tmp/polbicyn/polbicyn.inc.php"
"583","ПОЛЕЖАЕВ Александр Васильевич",,"tmp/polezhaev_aleksandr/polezhaev_aleksandr.inc.php"
"584","ПОЛЕЖАЕВ Пётр Васильевич",,"tmp/polezhaev_petr/polezhaev_petr.inc.php"
"585","ПОЛЕССКИХ Михаил Романович",,"tmp/polesskih/polesskih.inc.php"
"586","ПОЛУБОЯРОВ Михаил Сергеевич",,"tmp/poluboyarov/poluboyarov.inc.php"
"587","ПОЛЬДИ (ГОЛУБЕВА) Юлия Михайловна (Осинкина Екатерина Яковлевна)",,"tmp/poldi/poldi.inc.php"
"588","ПОЛЯКОВ Пётр Григорьевич",,"tmp/polyakov/polyakov.inc.php"
"589","ПОПОВ Александр Васильевич",,"tmp/popov_aleksandr/popov_aleksandr.inc.php"
"590","ПОПОВ Василий Васильевич",,"tmp/popov_vasiliy_vasilevich/popov_vasiliy_vasilevich.inc.php"
"591","ПОПОВ Василий Григорьевич",,"tmp/popov_vasiliy_georgievich/popov_vasiliy_georgievich.inc.php"
"592","ПОПОВ Владимир Павлович",,"tmp/popov_vladimir/popov_vladimir.inc.php"
"593","ПОПОВ Константин Ананьевич (Афанасьевич)",,"tmp/popov_konstantin/popov_konstantin.inc.php"
"594","ПОПОВ Михаил Григорьевич",,"tmp/popov_mihail_grigorevich/popov_mihail_grigorevich.inc.php"
"595","ПОПОВ Михаил Максимович",,"tmp/popov_mihail_maksimovich/popov_mihail_maksimovich.inc.php"
"596","ПОПОВ Сергей Васильевич",,"tmp/popov_sergey/popov_sergey.inc.php"
"597","ПОПОВ Юрий Михайлович",,"tmp/popov_yuriy/popov_yuriy.inc.php"
"598","ПОПРЯДУХИН Роман Николаевич",,"tmp/popryaduhin/popryaduhin.inc.php"
"599","ПОСЛОВ Лев Васильевич",,"tmp/poslov/poslov.inc.php"
"600","ПОТАПОВ Николай Алексеевич",,"tmp/potapov/potapov.inc.php"
"601","ПОТИЕВ (ПАТЕЕВ) Шарафетдин Хабибулович",,"tmp/potiev/potiev.inc.php"
"602","ПОТУЛОВ Александр Александрович",,"tmp/potulov_aleksandr_aleksandrovich/potulov_aleksandr_aleksandrovich.inc.php"
"603","ПОТУЛОВ Александр Никитич",,"tmp/potulov_aleksandr_nikitich/potulov_aleksandr_nikitich.inc.php"
"604","ПОТУЛОВ Владимир Ипполитович",,"tmp/potulov_vladimir/potulov_vladimir.inc.php"
"605","ПОТУЛОВ Ипполит Михайлович",,"tmp/potulov_ippolit/potulov_ippolit.inc.php"
"606","ПОТУЛОВ Лев Владимирович",,"tmp/potulov_lev/potulov_lev.inc.php"
"607","ПОЧИВАЛИН Николай Михайлович",,"tmp/pochivalin/pochivalin.inc.php"
"608","ПРЕОБРАЖЕНСКИЙ Борис Владимирович",,"tmp/preobrazhenskiy/preobrazhenskiy.inc.php"
"609","ПРИЩЕПА Николай Андреевич",,"tmp/prischepa/prischepa.inc.php"
"610","ПРОКОПОВИЧ–АНТОНСКИЙ Владимир Михайлович",,"tmp/prokopovich–antonskiy/prokopovich–antonskiy.inc.php"
"611","ПРОНИЧКИН Алексей Прокофьевич",,"tmp/pronichkin/pronichkin.inc.php"
"612","ПРОСВИРНИН Валентин Иванович",,"tmp/prosvirnin/prosvirnin.inc.php"
"613","ПРОТАСЬЕВА (ЗАГОСКИНА) Любовь Сергеевна",,"tmp/protaseva/protaseva.inc.php"
"614","ПРОЦЕНКО Михаил Васильевич",,"tmp/procenko/procenko.inc.php"
"615","ПРУСАКОВ Михаил Дмитриевич",,"tmp/prusakov/prusakov.inc.php"
"616","ПУГАЧЁВ Емельян Иванович",,"tmp/pugachyov/pugachyov.inc.php"
"617","ПУДОВКИН Всеволод Илларионович",,"tmp/pudovkin/pudovkin.inc.php"
"618","ПУЛИКОВСКИЙ Константин Борисович",,"tmp/pulikovskiy/pulikovskiy.inc.php"
"619","ПУСТЫГИН Михаил Андреевич",,"tmp/pustygin/pustygin.inc.php"
"620","ПУТИН Владимир Владимирович",,"tmp/putin/putin.inc.php"
"621","ПЧЕЛИНЦЕВ Николай Семёнович",,"tmp/pchelincev/pchelincev.inc.php"
"622","РАВДЕЛЬ Ефим Владимирович",,"tmp/ravdel/ravdel.inc.php"
"623","РАДИЩЕВ Николай Александрович",,"tmp/radischev_n_a/radischev_n_a.inc.php"
"624","РАДИЩЕВА Александра Степановна",,"tmp/radischeva_a_s/radischeva_a_s.inc.php"
"625","РАДИЩЕВ Александр Николаевич",,"tmp/radischev/radischev.inc.php"
"626","РАЕВСКИЙ Святослав Афанасьевич",,"tmp/raevskiy/raevskiy.inc.php"
"627","РАЗМАДЗЕ Соломон Гивиевич",,"tmp/razmadze_s_g/razmadze_s_g.inc.php"
"628","РАЗОРИЛОВА Валентина Алексеевна",,"tmp/razorilova/razorilova.inc.php"
"629","РАЗУМОВСКИЙ Пётр Алексеевич",,"tmp/razumovskiy_p_a/razumovskiy_p_a.inc.php"
"630","РАЗУМОВСКИЙ Алексей Кириллович",,"tmp/razumovskiy/razumovskiy.inc.php"
"631","РАКИТИНА Зинаида Сергеевна",,"tmp/rakitina/rakitina.inc.php"
"632","РАМЕЕВ Башир Искандерович",,"tmp/rameev/rameev.inc.php"
"633","РАНЦОВ (РОНЦОВ) Иван Романович",,"tmp/rancov_(roncov)/rancov_(roncov).inc.php"
"634","РАНЦОВ Роман Иванович",,"tmp/rancov_r_i/rancov_r_i.inc.php"
"635","РАССКАЗОВ Василий Георгиевич",,"tmp/rasskazov_v_g/rasskazov_v_g.inc.php"
"636","РАССКАЗОВ Евгений Борисович",,"tmp/rasskazov_e_b/rasskazov_e_b.inc.php"
"637","РАССОХО Анатолий Иванович",,"tmp/rassoho/rassoho.inc.php"
"638","РЕБИНДЕР Иван Михайлович (Рейнгольд Иоганн)",,"tmp/rebinder/rebinder.inc.php"
"639","РЕЙНГОЛЬД Семён Моисеевич",,"tmp/reyngold/reyngold.inc.php"
"640","РЕМИЗОВ Алексей Михайлович",,"tmp/remizov/remizov.inc.php"
"641","РЕПИНСКИЙ Григорий Косьмич (Кузьмич)",,"tmp/repinskiy/repinskiy.inc.php"
"642","РОВЕНКО Александр Иванович",,"tmp/rovenko/rovenko.inc.php"
"643","РОГОВ Константин Васильевич",,"tmp/rogov/rogov.inc.php"
"644","РОДИОНОВ Евгений Александрович",,"tmp/rodionov_e_a/rodionov_e_a.inc.php"
"645","РОДИОНОВ Игорь Николаевич",,"tmp/rodionov_i_n/rodionov_i_n.inc.php"
"646","РОДИОНОВ Григорий Афанасьевич",,"tmp/rodionov/rodionov.inc.php"
"647","РОЖНОВ Пётр Алексеевич",,"tmp/rozhnov/rozhnov.inc.php"
"648","РОМАНОВ Михаил Павлович",,"tmp/romanov_m_p/romanov_m_p.inc.php"
"649","РОМАШКОВ Юрий Иосифович",,"tmp/romashkov_yu_i/romashkov_yu_i.inc.php"
"650","РУЗЛЯЕВ Михаил Васильевич",,"tmp/ruzlyaev/ruzlyaev.inc.php"
"651","РУМЯНЦЕВ Порфирий Алексеевич",,"tmp/rumyancev/rumyancev.inc.php"
"652","РУСИНОВА Нина Павловна",,"tmp/rusinova/rusinova.inc.php"
"653","РУСЛАНОВА Лидия Андреевна (ЛЕЙКИНА Прасковья Андриановна)",,"tmp/ruslanova/ruslanova.inc.php"
"654","РЫЖОВ Александр Николаевич",,"tmp/ryzhov/ryzhov.inc.php"
"655","РЯБОВ Василий Тимофеевич",,"tmp/ryabov/ryabov.inc.php"
"656","РЯСЕНЦЕВ Владимир Александрович",,"tmp/ryasencev/ryasencev.inc.php"
"657","САБУРОВ Иван Васильевич",,"tmp/saburov_i_v/saburov_i_v.inc.php"
"658","САБУРОВ Яков Васильевич",,"tmp/saburov_ya_v/saburov_ya_v.inc.php"
"659","САВИН Олег Михайлович",,"tmp/savin_o_m/savin_o_m.inc.php"
"660","САВИЦКИЙ Георгий Константинович",,"tmp/savickiy_g_k/savickiy_g_k.inc.php"
"661","САВИЦКИЙ Константин Аполлонович",,"tmp/savickiy_k_a/savickiy_k_a.inc.php"
"662","САВКОВ Николай Мокиевич",,"tmp/savkov_n_m/savkov_n_m.inc.php"
"663","САВОСТЮК  Олег Михайлович",,"tmp/savostyuk_o_m/savostyuk_o_m.inc.php"
"664","САЗОНОВ Александр Александрович",,"tmp/sazonov_a_a/sazonov_a_a.inc.php"
"665","САЗОНОВ Валерий Петрович",,"tmp/sazonov_v_p/sazonov_v_p.inc.php"
"666","САЗОНОВ Глеб Сергеевич",,"tmp/sazonov_g_s/sazonov_g_s.inc.php"
"667","САЛИЩЕВ Эраст Гаврилович",,"tmp/salischev_e_g/salischev_e_g.inc.php"
"668","САЛОВ Владимир Николаевич",,"tmp/salov_v_n/salov_v_n.inc.php"
"669","САЛОВ Илья Александрович",,"tmp/salov_i_a/salov_i_a.inc.php"
"670","САМОКУТЯЕВ  Александр Михайлович",,"tmp/samokutyaev_a_m/samokutyaev_a_m.inc.php"
"671","САПОГОВ Анатолий Александрович",,"tmp/sapogov_a_a/sapogov_a_a.inc.php"
"672","САПОЖКОВ Константин Андреевич",,"tmp/sapozhkov_k_a/sapozhkov_k_a.inc.php"
"673","САЦЕРДОТОВ Борис Петрович",,"tmp/sacerdotov_b_p/sacerdotov_b_p.inc.php"
"674","СВЕТИН (ГОЛЬЦМАН)  Михаил Семёнович",,"tmp/svetin_m_s/svetin_m_s.inc.php"
"675","СВЕТЛОВ Сергей Александрович",,"tmp/svetlov_s_a/svetlov_s_a.inc.php"
"676","СВЕТЛОВИДОВ (СЕДЫХ)  Николай Афанасьевич",,"tmp/svetlovidov_n_a/svetlovidov_n_a.inc.php"
"677","СВИРИДОВ Алексей Петрович",,"tmp/sviridov_a_p/sviridov_a_p.inc.php"
"678","СВЯТОПОЛКМИРСКИЙ  Пётр Дмитриевич",,"tmp/svyatopolk_p_d/svyatopolk_p_d.inc.php"
"679","СВЯТОПОЛК-МИРСКИЙ  Пётр Дмитриевич",,"tmp/svyatopolk_p_d/svyatopolk_p_d.inc.php"
"680","СЕВАСТЬЯНОВ Пётр Иванович",,"tmp/sevostyanov_p_i/sevostyanov_p_i.inc.php"
"681","СЕДАКОВ Юлий Евгеньевич",,"tmp/sedakov_yu_e/sedakov_yu_e.inc.php"
"682","СЕДОВ Юрий Владимирович",,"tmp/sedov_yu_v/sedov_yu_v.inc.php"
"683","СЕЛИВАНОВ Александр Фёдорович",,"tmp/selivanov_a_f/selivanov_a_f.inc.php"
"684","СЕЛИВАНОВ Дмитрий Фёдорович",,"tmp/selivanov_d_f/selivanov_d_f.inc.php"
"685","СЕЛИВЁРСТОВ  Николай Дмитриевич",,"tmp/seliverstov_n_d/seliverstov_n_d.inc.php"
"686","СЕЛУНСКИЙ Ксенофонт Иванович",,"tmp/selunskiy_k_i/selunskiy_k_i.inc.php"
"687","СЕМАШКО Николай Александрович",,"tmp/semashko_n_a/semashko_n_a.inc.php"
"688","СЕМЁНОВ-ТЯНШАНСКИЙ Пётр Петрович",,"tmp/semyonov_tsh_n_a/semyonov_tsh_n_a.inc.php"
"689","СЁМУШКИН  Тихон Захарович",,"tmp/semushkin_t_z/semushkin_t_z.inc.php"
"690","СЕНАТОРОВ Александр Сергеевич",,"tmp/senatorov_a_s/senatorov_a_s.inc.php"
"691","СЕРАФИМ (ТИХОНОВ Дмитрий Захарович)",,"tmp/serafim/serafim.inc.php"
"692","СЕРГЕЕВ Александр Алексеевич",,"tmp/sergeev_a_a/sergeev_a_a.inc.php"
"693","СЕРГЕЕВ Пётр Николаевич",,"tmp/sergeev_p_n/sergeev_p_n.inc.php"
"694","СИВОХИН Иван Васильевич",,"tmp/sivohin_i_v/sivohin_i_v.inc.php"
"695","СИДЕЛЬНИКОВ  Виктор Михайлович",,"tmp/sidelnikov_v_m/sidelnikov_v_m.inc.php"
"696","СИДОРЕНКО Иван Михайлович",,"tmp/sidorenko_i_m/sidorenko_i_m.inc.php"
"697","СИДОРОВ Николай Михайлович",,"tmp/sidorov_n_m/sidorov_n_m.inc.php"
"698","СКВОРЦОВ  Анатолий Сергеевич",,"tmp/skvorcov_a_s/skvorcov_a_s.inc.php"
"699","СКОБЦОВ Иван Михайлович",,"tmp/skobcov_i_m/skobcov_i_m.inc.php"
"700","СКОРНЯКОВ  Виктор Николаевич",,"tmp/skornyakov_v_n/skornyakov_v_n.inc.php"
"701","СЛАБА (СЛАБО) Иосиф Вячеславович",,"tmp/slaba_i_v/slaba_i_v.inc.php"
"702","СЛЕПЦОВ Василий Алексеевич",,"tmp/slepcov_v_a/slepcov_v_a.inc.php"
"703","СМАГА Николай Яковлевич",,"tmp/smaga_n_ya/smaga_n_ya.inc.php"
"704","СМАГИН Георгий Дмитриевич",,"tmp/smagin_g_d/smagin_g_d.inc.php"
"705","СМИРНОВ Виктор Фёдорович",,"tmp/smirnov_v_f/smirnov_v_f.inc.php"
"706","СМИРНОВ Николай Ксенофонтович",,"tmp/smirnov_n_k/smirnov_n_k.inc.php"
"707","СМОЛЯКОВ Павел Иванович",,"tmp/smolyakov_p_i/smolyakov_p_i.inc.php"
"708","СНЕЖНИЦКИЙ  Лев Дмитриевич",,"tmp/snezhnickiy_l_d/snezhnickiy_l_d.inc.php"
"709","СОБОЛЕВ Юрий Васильевич",,"tmp/sobolev_yu_v/sobolev_yu_v.inc.php"
"710","СОБОЛЬЩИКОВА-САМАРИНА  Антонина Николаевна",,"tmp/sobolschikova_a_n/sobolschikova_a_n.inc.php"
"711","СОКОЛОВ Николай Алексеевич",,"tmp/sokolov_n_a/sokolov_n_a.inc.php"
"712","СОЛОВЬЁВ Иван Михайлович",,"tmp/solovev_i_m/solovev_i_m.inc.php"
"713","СОЛЬДЕЙН Вера Яковлевна",,"tmp/soldeyn_v_ya/soldeyn_v_ya.inc.php"
"714","СОРОКИН Борис Андреевич",,"tmp/sorokin_b_a/sorokin_b_a.inc.php"
"715","СОРОКИН Максим Фёдорович",,"tmp/sorokin_m_f/sorokin_m_f.inc.php"
"716","СОУСТИН Василий Фёдорович",,"tmp/soustin_v_f/soustin_v_f.inc.php"
"717","СПЕРАНСКИЙ Михаил Михайлович",,"tmp/speranskiy_m_m/speranskiy_m_m.inc.php"
"718","СПИРИДОНОВ  Иван Васильевич",,"tmp/spiridonov_i_v/spiridonov_i_v.inc.php"
"719","СПРЫГИНА  Нонна Ивановна",,"tmp/sprygina_n_i/sprygina_n_i.inc.php"
"720","СПРЫГИН  Иван Иванович",,"tmp/srpygin_i_i/srpygin_i_i.inc.php"
"721","СТАВСКИЙ (КИРПИЧНИКОВ) Владимир Петрович",,"tmp/stavskiy_v_p/stavskiy_v_p.inc.php"
"722","СТАРЖИНСКИЙ  Александр Гаврилович",,"tmp/starzhinskiy_a_g/starzhinskiy_a_g.inc.php"
"723","СТАРОВОЙТОВ Александр Владимирович",,"tmp/starovoytov_a_v/starovoytov_a_v.inc.php"
"724","СТЕПАНОВА  Пелагея Петровна",,"tmp/stepanova_p_p/stepanova_p_p.inc.php"
"725","СТОКАСИМОВ  Николай Павлович",,"tmp/stokasimov_n_p/stokasimov_n_p.inc.php"
"726","СТОЛЫПИН Алексей Емельянович",,"tmp/stolypin_a_e/stolypin_a_e.inc.php"
"727","СТОЛЫПИН Николай Аркадьевич",,"tmp/stolypin_n_a/stolypin_n_a.inc.php"
"728","СТРАНДЕН Николай Павлович",,"tmp/stranden_n_p/stranden_n_p.inc.php"
"729","СТРУЙСКИЙ Пётр Петрович",,"tmp/struyskiy_p_p/struyskiy_p_p.inc.php"
"730","СТУКАЛОВ Виктор Александрович",,"tmp/stukalov_v_a/stukalov_v_a.inc.php"
"731","СТУПИШИН  Алексей Петрович",,"tmp/stupishin_a_p/stupishin_a_p.inc.php"
"732","СУВОРОВ Александр Васильевич",,"tmp/suvorov_a_v/suvorov_a_v.inc.php"
"733","СУДАКОВ Илья Яковлевич",,"tmp/sudakov_i_ya/sudakov_i_ya.inc.php"
"734","СУМАРОКОВЫ",,"tmp/sumarokovy/sumarokovy.inc.php"
"735","СУР Альберт Вильгельмович",,"tmp/sur_a_v/sur_a_v.inc.php"
"736","САЛТЫКОВ-ЩЕДРИН  Михаил Евграфович",,"tmp/s-schedrin_m_e/s-schedrin_m_e.inc.php"
"737","СЫРОМЯТНИКОВ Сергей Петрович",,"tmp/syromyatnikov_s_p/syromyatnikov_s_p.inc.php"
"738","СЮЗЮМОВ  Евгений Матвеевич",,"tmp/syuzyumov_e_m/syuzyumov_e_m.inc.php"
"739","ТАГАНЦЕВ Николай Степанович",,"tmp/tagancev/tagancev.inc.php"
"740","ТАМБУЛАТОВА  Мария Ивановна",,"tmp/tambulatova_mariya_ivanovna/tambulatova_mariya_ivanovna.inc.php"
"741","ТАНСЫКБАЕВ Урал",,"tmp/tansykbaev_ural/tansykbaev_ural.inc.php"
"742","ТАРАСОВ Александр Петрович",,"tmp/tarasov/tarasov.inc.php"
"743","ТАРХОВ Дмитрий Фёдорович",,"tmp/tarhov/tarhov.inc.php"
"744","ТАТАРИНОВ Александр Алексеевич",,"tmp/tatarinov/tatarinov.inc.php"
"745","ТАТИЩЕВ Александр Александрович",,"tmp/tatischev/tatischev.inc.php"
"746","ТАТИЩЕВА Лидия Арсеньевна",,"tmp/tatischeva/tatischeva.inc.php"
"747","ТАТЛИН Владимир Евграфович",,"tmp/tatlin/tatlin.inc.php"
"748","ТЕНИШЕВ  Эдгем Рахимоич",,"tmp/tenishev_edgem_rahimoich/tenishev_edgem_rahimoich.inc.php"
"749","АВГУСТИН (БЕЛЯЕВ Александр Александрович)",,"tmp/avgustin/avgustin.inc.php"
"750","АВТОКРАТОВ  Серафим Петрович",,"tmp/avtokratov/avtokratov.inc.php"
"751","АГИЕВ Фахрелислам Нигматуллович",,"tmp/agiev/agiev.inc.php"
"752","АЛЕКСЕЕВА Лариса Алексеевна",,"tmp/alekseeva_larisa_alekseevna/alekseeva_larisa_alekseevna.inc.php"
"753","АЛЕКСИЙ II (РИДИГЕР Алексей Михайлович)",,"tmp/aleksiy_ii/aleksiy_ii.inc.php"
"754","АЛПАТОВ Юрий Петрович",,"tmp/alpatov/alpatov.inc.php"
"755","АЛЬТШУЛЕР Лазарь Маркович",,"tmp/altshuler_lazar_markovich/altshuler_lazar_markovich.inc.php"
"756","АНТИПОВ Николай Иванович",,"tmp/antipov/antipov.inc.php"
"757","АРЕНДАРЕНКО Иван Иванович",,"tmp/arendarenko/arendarenko.inc.php"
"758","АРЗАМАСЦЕВ Валентин Павлович",,"tmp/arzamascev_valentin_pavlovich/arzamascev_valentin_pavlovich.inc.php"
"759","АРИСТАРХ (НИКОЛАЕВСКИЙ Александр Фёдорович)",,"tmp/aristarh/aristarh.inc.php"
"760","АРТЮХИН Василий Иванович",,"tmp/artyuhin/artyuhin.inc.php"
"761","АЩЕУЛОВ Николай Михайлович",,"tmp/ascheulov/ascheulov.inc.php"
"762","БАДИН Алексей Лаврентьевич",,"tmp/badin/badin.inc.php"
"763","БАЛАНОВ Никифор Федотович",,"tmp/balanov/balanov.inc.php"
"764","БАРМИН Вениамин Андреевич",,"tmp/barmin/barmin.inc.php"
"765","БАРСУКОВ Олег Александрович",,"tmp/barsukov/barsukov.inc.php"
"766","БАРСУКОВ Кир Александрович",,"tmp/barsukov_k_a/barsukov_k_a.inc.php"
"767","БАРЫШНИКОВ Дмитрий Фёдорович",,"tmp/baryshnikov/baryshnikov.inc.php"
"768","БАУЛИН Николай Афанасьевич",,"tmp/baulin/baulin.inc.php"
"769","БЕКМАН Иван Николаевич",,"tmp/bekman/bekman.inc.php"
"770","БАХМЕТЕВ Алексей Николаевич 2",,"tmp/bahmetev/bahmetev.inc.php"
"771","БЕЛАЯ Светлана Николаевна",,"tmp/belaya/belaya.inc.php"
"772","БЕЛОВА Зоя Васильевна",,"tmp/belova/belova.inc.php"
"773","БЕЛОЗЕРЦЕВ Иван Александрович",,"tmp/belozercev/belozercev.inc.php"
"774","БЕЛОРЫБКИН Геннадий Николаевич",,"tmp/belorybkin/belorybkin.inc.php"
"775","БЕР Виктор Николаевич",,"tmp/ber/ber.inc.php"
"776","БЕРИНГОВ Митрофан Михайлович",,"tmp/beringov/beringov.inc.php"
"777","БЕРШАДСКИЙ Моисей Абрамович",,"tmp/bershadskiy/bershadskiy.inc.php"
"778","БИБАРСОВ Аббас Шабанович",,"tmp/bibarsov/bibarsov.inc.php"
"779","БИРЮКОВ Владимир Иванович",,"tmp/biryukov/biryukov.inc.php"
"780","БЛАГОРАЗУМОВ  Николай Васильевич",,"tmp/blagorazumov/blagorazumov.inc.php"
"781","БЛИНКОВ Алексей Никитич",,"tmp/blinkov/blinkov.inc.php"
"782","БЛИНОХВАТОВ Александр Фёдорович",,"tmp/blinohvatov/blinohvatov.inc.php"
"783","БОБРОВ Николай Александрович",,"tmp/bobrov/bobrov.inc.php"
"784","БОЛДИН Иван Васильевич",,"tmp/boldin/boldin.inc.php"
"785","БОЛДЫРЕВ Николай Николаевич",,"tmp/boldyre_n_n/boldyre_n_n.inc.php"
"786","БОЛДЫРЕВ Пётр Григорьевич",,"tmp/boldyrev_p_g/boldyrev_p_g.inc.php"
"787","БОЛДЫРЕВ  Николай Николаевич",,"tmp/boldyrev/boldyrev.inc.php"
"788","БОРИСОВ Василий Дмитриевич",,"tmp/borisov/borisov.inc.php"
"789","БОРИСОВА Александра Михайловна",,"tmp/borisova/borisova.inc.php"
"790","БОРОДИН Алексей Иванович",,"tmp/borodin/borodin.inc.php"
"791","БОЧКАРЕВ Виктор Константинович",,"tmp/bochkarev/bochkarev.inc.php"
"792","БРЕУСОВ Александр Алексеевич",,"tmp/breusov/breusov.inc.php"
"793","БУЛАНКИН Дмитрий Александрович",,"tmp/bulankin/bulankin.inc.php"
"794","БУРЛАКОВ Иван Иванович",,"tmp/burlakov/burlakov.inc.php"
"795","ВАЙНЕР Михаил (Моисей) Исаакович",,"tmp/vayner/vayner.inc.php"
"796","ВАРЛААМ (ЛЕВИН Василий Саввич)",,"tmp/varlaam/varlaam.inc.php"
"797","ВАРСОНОФИЙ (КУРГАНОВ) Владимир Афанасьевич",,"tmp/varsonofiy/varsonofiy.inc.php"
"798","ВАРСОНОФИЙ (СУДАКОВ Анатолий Владимирович)",,"tmp/varsonofiy2/varsonofiy2.inc.php"
"799","ВАСИЛЬЕВ Александр Сергеевич",,"tmp/vasilev/vasilev.inc.php"
"800","ВАСИЛЬЕВСКИЙ Михаил Николаевич",,"tmp/vasilevskiy/vasilevskiy.inc.php"
"801","ВАСИЛЬЧИКОВ  Павел Александрович",,"tmp/vasilchikov/vasilchikov.inc.php"
"802","ВАФИАДИС Маркос",,"tmp/vafiadis_markos/vafiadis_markos.inc.php"
"803","ВДОНИН Василий Алексеевич",,"tmp/vdonin/vdonin.inc.php"
"804","ВЕБЕР Яков Яковлевич",,"tmp/veber/veber.inc.php"
"805","ВЕЙЦЕР Израиль Яковлевич",,"tmp/veycer/veycer.inc.php"
"806","ВИДЕНИН Кирилл Фёдорович",,"tmp/videnin/videnin.inc.php"
"807","ВИННИКОВ Николай Иванович",,"tmp/vinnikov/vinnikov.inc.php"
"808","ВИНОГРАДОВ Юрий Александрович",,"tmp/vinogradov/vinogradov.inc.php"
"809","ВИНОКУРОВ Александр Архипович",,"tmp/vinokurov/vinokurov.inc.php"
"810","ВИТВЕР Николай Александрович",,"tmp/vitver/vitver.inc.php"
"811","ВИЦИН Георгий Михайлович",,"tmp/vicin/vicin.inc.php"
"812","ВИШНЕВСКИЙ Дмитрий Кириллович",,"tmp/vishnevskiy/vishnevskiy.inc.php"
"813","ВЛАСОВ Алексей Николаевич",,"tmp/vlasov/vlasov.inc.php"
"814","ВОЛКОВ Валентин Александрович",,"tmp/volkov/volkov.inc.php"
"815","ВОЛКОВ Валентин Викторович",,"tmp/volkov_v_v/volkov_v_v.inc.php"
"816","ВОЛКОНСКИЙ Сергей Сергеевич",,"tmp/volkonskiy/volkonskiy.inc.php"
"817","ВЫРЫПАЕВ  Пётр Андреевич",,"tmp/vyrypaev/vyrypaev.inc.php"
"818","ГАЛАХОВ Фёдор Васильевич",,"tmp/galahov/galahov.inc.php"
"819","ГАЛКИН Павел Иванович",,"tmp/galkin/galkin.inc.php"
"820","ГВОЗДЕВ  Иван Петрович",,"tmp/gvozdev/gvozdev.inc.php"
"821","ГЛАЗУНОВ Василий Афанасьевич",,"tmp/glazunov/glazunov.inc.php"
"822","ГОЛИКОВ Александр Николаевич",,"tmp/golikov/golikov.inc.php"
"823","ГОЛИКОВ Владимир Николаевич",,"tmp/golikov_v/golikov_v.inc.php"
"824","ГОЛИЦЫН (ГОЛОВКИН)  Евгений Юрьевич",,"tmp/golicyn/golicyn.inc.php"
"825","ГОЛУБЕВ Степан Тимофеевич",,"tmp/golubev/golubev.inc.php"
"826","ГОЛУБЕВ-БАГРЯНОРОДНЫЙ Леонид Николаевич",,"tmp/golubev-bagryanorodnyy/golubev-bagryanorodnyy.inc.php"
"827","ГОНЧАРОВА Маргарита Садыковна",,"tmp/goncharova/goncharova.inc.php"
"828","ГРАНАТОВ Юрий Николаевич",,"tmp/granatov/granatov.inc.php"
"829","ГРАНДКОВСКИЙ Николай Карлович",,"tmp/grandkovskiy/grandkovskiy.inc.php"
"830","ГРАЧЁВ Владимир Александрович",,"tmp/grachyov/grachyov.inc.php"
"831","ГРОМНИЦКИЙ Михаил Фёдорович",,"tmp/gromnickiy/gromnickiy.inc.php"
"832","ГУЛЯКОВ Александр Дмитриевич",,"tmp/gulyakov/gulyakov.inc.php"
"833","ГУСЕВ Дмитрий Васильевич",,"tmp/gusev/gusev.inc.php"
"834","ГУСЫНИН Иван Афанасьевич",,"tmp/gusynin/gusynin.inc.php"
"835","ТЕПЛОВ Алексей Львович",,"tmp/teplov/teplov.inc.php"
"836","ТЕРНОВСКИЙ Дмитрий Владимирович",,"tmp/ternovski_d_v/ternovski_d_v.inc.php"
"837","ТИХМЕНЕВ Юрий Михайлович",,"tmp/tihmenev/tihmenev.inc.php"
"838","ТИХОМИРОВ Иван Александрович",,"tmp/tihomirov/tihomirov.inc.php"
"839","ТИХОН (НИКАНОРОВ Василий Варсонофьевич)",,"tmp/tihon/tihon.inc.php"
"840","ТКАЧЕНКО  Юрий Евгеньевич",,"tmp/tkachenko_yuriy_evgenevich/tkachenko_yuriy_evgenevich.inc.php"
"841","ТОКАРЕВА Елена Львовна",,"tmp/tokareva/tokareva.inc.php"
"842","ТОКАРЕВА Надежда Владимировна",,"tmp/tokareva_n_v/tokareva_n_v.inc.php"
"843","ТОЛСТОЙ Алексей Александрович",,"tmp/tolstoy_a_a/tolstoy_a_a.inc.php"
"844","ТОЛСТОЙ Егор Петрович",,"tmp/tolstoy_e_p/tolstoy_e_p.inc.php"
"845","ТОЛСТОЙ Пётр Александрович",,"tmp/tolstoy_p_a/tolstoy_p_a.inc.php"
"846","ТОЛСТОЙ Фёдор Андреевич",,"tmp/tolstoy_f_a/tolstoy_f_a.inc.php"
"847","ТРАПЕЗНИКОВ  Сергей Павлович",,"tmp/trapeznikov_sergey_pavlovich/trapeznikov_sergey_pavlovich.inc.php"
"848","ТРОИЦКИЙ  Алексей Алексеевич",,"tmp/troickiy_aleksey_alekseevich/troickiy_aleksey_alekseevich.inc.php"
"849","ТРОФИМОВ Владимир Кириллович",,"tmp/trofimov/trofimov.inc.php"
"850","ТРОЦКИЙ Лев Давидович",,"tmp/trockiy/trockiy.inc.php"
"851","ТРОШИН Николай Степанович",,"tmp/troshin/troshin.inc.php"
"852","ТРУЛОВ Владимир Александрович",,"tmp/trulov/trulov.inc.php"
"853","ТРУС Леонид Соломонович",,"tmp/trus/trus.inc.php"
"854","ТУРИЩЕВ  Алексей Сергеевич",,"tmp/turischev/turischev.inc.php"
"855","ТУРЧАНИНОВА  Александра Степановна",,"tmp/turchaninova_aleksandra_stepanovna/turchaninova_aleksandra_stepanovna.inc.php"
"856","ТУХАЧЕВСКИЙ  Гавриил Яковлевич",,"tmp/tuhachevskiy_gavriil_yakovlevich/tuhachevskiy_gavriil_yakovlevich.inc.php"
"857","ТУХАЧЕВСКИЙ Михаил Николаевич",,"tmp/tuhachevskiy/tuhachevskiy.inc.php"
"858","ТУЧКОВ Алексей Алексеевич",,"tmp/tuchkov/tuchkov.inc.php"
"859","ТЮЛИН Георгий Александрович",,"tmp/tyulin/tyulin.inc.php"
"860","ТЮСТИН Александр  Васильевич",,"tmp/tyustin/tyustin.inc.php"
"861","ТРЕНТОВИУС (Фон ТРЕНТОВИУС) Егор Фёдорович",,"tmp/fon-trentovius/fon-trentovius.inc.php"
"862","ДАВЫДОВ Роман (Ромэн)Тигранович",,"tmp/davydov/davydov.inc.php"
"863","ДВОРЖАНСКИЙ  Александр Игоревич",,"tmp/dvorzhanskiy/dvorzhanskiy.inc.php"
"864","ДВОРЯНЦЕВАКАТКОВА  Валентина Фёдоровна",,"tmp/dvoryanceva/dvoryanceva.inc.php"
"865","ДЕВЛИКАМОВ Камиль Абдуллович",,"tmp/devlikamov/devlikamov.inc.php"
"866","ДЕММЕ Георгий Александрович",,"tmp/demme/demme.inc.php"
"867","ДЖАНДЖГАВА  Владимир Николаевич",,"tmp/dzhandzhgava/dzhandzhgava.inc.php"
"868","ДОРОШЕНКО Виктор Карпович",,"tmp/doroshenko/doroshenko.inc.php"
"869","ДУБИНЧУК  Феодосий Фёдорович",,"tmp/dubinchuk/dubinchuk.inc.php"
"870","ДУХНО Вера Фёдоровна",,"tmp/duhno/duhno.inc.php"
"871","ДЬЯКОНОВ Николай Максимович",,"tmp/dyakonov/dyakonov.inc.php"
"872","ЕВСЮКОВ Пётр Владимирович",,"tmp/evsyukov/evsyukov.inc.php"
"873","ЕГИДЕС (АБОВИН-ЕГИДЕС) Пётр Маркович",,"tmp/egides/egides.inc.php"
"874","ЕГОРОВ Иван Петрович",,"tmp/egorov/egorov.inc.php"
"875","ЕРЁМКИН Александр Иванович",,"tmp/eryomkin/eryomkin.inc.php"
"876","ЕРМОЛОВ Пётр Дмитриевич",,"tmp/ermolov/ermolov.inc.php"
"877","ЕРОХИНА Ольга Васильевна",,"tmp/erohina/erohina.inc.php"
"878","ЖЕЛНОВ Вячеслав Григорьевич",,"tmp/zhelnov/zhelnov.inc.php"
"879","ЖИРАДКОВ  Алексей Иванович",,"tmp/zhiradkov/zhiradkov.inc.php"
"880","ЖУКОВСКАЯ  Татьяна Матвеевна",,"tmp/zhukovskaya/zhukovskaya.inc.php"
"881","ЖУРАВЛЁВ Степан Михайлович",,"tmp/zhuravlyov/zhuravlyov.inc.php"
"882","ЗВЕЗДОЧЁТОВ Николай Петрович",,"tmp/zvezdochyotov_nikolay_petrovich/zvezdochyotov_nikolay_petrovich.inc.php"
"883","ЗВЯГИНЦЕВА  Вера Клавдиевна",,"tmp/zvyaginceva_vera_klavdievna/zvyaginceva_vera_klavdievna.inc.php"
"884","ЗУЕВА Мария Петровна",,"tmp/zueva/zueva.inc.php"
"885","ЗЯБИРОВ Хасян Шарифжанович",,"tmp/zyabirov/zyabirov.inc.php"
"886","ИБРАГИМОВ  Николай Мусеевич",,"tmp/ibragimov/ibragimov.inc.php"
"887","ИОДЫНИС Эдуард Станиславович",,"tmp/iodynis/iodynis.inc.php"
"888","ИОФФЕ Самуил (Семён) Ефимович",,"tmp/ioffe/ioffe.inc.php"
"889","КАЛИНИН Михаил Иванович",,"tmp/kalinin/kalinin.inc.php"
"890","КАМИНСКИЙ Ян Брониславович",,"tmp/kaminskiy/kaminskiy.inc.php"
"891","КАРЕЕВ Василий Иванович",,"tmp/kareev/kareev.inc.php"
"892","КАРПОВ Андрей Фёдорович",,"tmp/karpov/karpov.inc.php"
"893","КИЖЕВАТОВ Андрей Митрофанович",,"tmp/kizhevatov/kizhevatov.inc.php"
"894","КИЗЮРИН Александр Дмитриевич",,"tmp/kizyurin/kizyurin.inc.php"
"895","КИРИЛЛОВ Василий Михайлович",,"tmp/kirillov/kirillov.inc.php"
"896","КИСЕЛЁВ Дмитрий Иванович",,"tmp/kiselyov/kiselyov.inc.php"
"897","КЛЕЙНЕРМАН Яков Семёнович",,"tmp/kleynerman/kleynerman.inc.php"
"898","КОЖЕВНИКОВ Анатолий Фёдорович",,"tmp/kozhevnikov/kozhevnikov.inc.php"
"899","КОЗЕНЮК Валентин Григорьевич",,"tmp/kozenyuk/kozenyuk.inc.php"
"900","КОКОРИН Михаил Николаевич",,"tmp/kokorin/kokorin.inc.php"
"901","КОЛОСКОВ Пётр Григорьевич",,"tmp/koloskov/koloskov.inc.php"
"902","КОННОВ Вячеслав Сергеевич",,"tmp/konnov/konnov.inc.php"
"903","КОНОНОВ Иван Алексеевич",,"tmp/kononov/kononov.inc.php"
"904","КОРОВИН  Евгений Петрович",,"tmp/korovin/korovin.inc.php"
"905","КОРОВИН Пётр Иванович",,"tmp/korovin_p_i/korovin_p_i.inc.php"
"906","КОРОНАТОВ  Вячеслав Петрович",,"tmp/koronatov/koronatov.inc.php"
"907","КОРОТКОВ Алексей Иванович",,"tmp/korotkov/korotkov.inc.php"
"908","КОРОТЫШОВ  Виктор Петрович",,"tmp/korotyshov/korotyshov.inc.php"
"909","КОСТЫЧЕВ  Степан Фёдорович",,"tmp/kostychev/kostychev.inc.php"
"910","КОТОВ Владимир Семёнович",,"tmp/kotov/kotov.inc.php"
"911","КРАСНЯНСКИЙ  Игорь Алексеевич",,"tmp/krasnyanskiy/krasnyanskiy.inc.php"
"912","КРАШЕНИННИКОВА Нина Александровна",,"tmp/krasheninnikova/krasheninnikova.inc.php"
"913","КРИВАНЧИКОВ Николай Григорьевич",,"tmp/krivanchikov/krivanchikov.inc.php"
"914","КРЫЛОВ Николай Иванович",,"tmp/krylov/krylov.inc.php"
"915","КУГЕЛЬ Наталья Аркадьевна",,"tmp/kugel/kugel.inc.php"
"916","КУДРЯВЦЕВ Евгений Васильевич",,"tmp/kudryavcev/kudryavcev.inc.php"
"917","КУЗНЕЦОВ  Юрий Иванович",,"tmp/kuznecov/kuznecov.inc.php"
"918","КУЛАХМЕТОВ  Марат Минюрович",,"tmp/kulahmetov/kulahmetov.inc.php"
"919","КУРДОВ Владимир Георгиевич",,"tmp/kurdov/kurdov.inc.php"
"920","КУСТОВ Сергей Викторович",,"tmp/kustov/kustov.inc.php"
"921","КУТЫРЁВАЛЯСКИ Роза Яковлевна",,"tmp/kutyryova/kutyryova.inc.php"
"922","ЛЕБЕДЕВ Михаил Анатольевич",,"tmp/lebedev/lebedev.inc.php"
"923","ЛЕБЕДЕВА Раиса Ивановна",,"tmp/lebedeva/lebedeva.inc.php"
"924","ЛЕМБЕРГ  Вадим Тарасович",,"tmp/lemberg/lemberg.inc.php"
"925","ЛЕОНТЬЕВ Сергей Викторович",,"tmp/leontev/leontev.inc.php"
"926","ЛИТВИНОВ Николай Павлович",,"tmp/litvinov/litvinov.inc.php"
"928","ВАЦЛАВАС  Вацлавович Бернотенас",,"tmp/litovcy_2/litovcy_2.inc.php"
"929","Губертас  Иокубович Бориса",,"tmp/litovcy_3/litovcy_3.inc.php"
"930","АЛЕКСОНИС Юозас Юльевич",,"tmp/aleksonis/aleksonis.inc.php"
"931","БЕРНОТЕНАС  Вацлавас Вацлавович",,"tmp/bernotenas/bernotenas.inc.php"
"932","БОРИСА Губертас Иокубович",,"tmp/borisa/borisa.inc.php"
"933","ЛОГИНОВ Николай Александрович",,"tmp/loginov/loginov.inc.php"
"934","ЛУЧАНИНОВФИБИХ  Даниил Владимирович",,"tmp/luchaninov/luchaninov.inc.php"
"935","ЛЮБИМОВ Александр Иванович",,"tmp/lyubimov/lyubimov.inc.php"
"936","МАКЕЕВ Виктор Ефимович",,"tmp/makeev/makeev.inc.php"
"937","МАКСИМОВ  Тимофей Максимович",,"tmp/maksimov/maksimov.inc.php"
"938","МАМАТКАДЗЕ  Азарий Валентинович",,"tmp/mamatkadze/mamatkadze.inc.php"
"939","МАНУЙЛОВ  Валентин Игоревич",,"tmp/manuylov/manuylov.inc.php"
"940","МЕЛЬНИКОВА  Тамара Михайловна",,"tmp/melnikova/melnikova.inc.php"
"941","МИЛЮКОВ  Александр Иванович",,"tmp/milyukov/milyukov.inc.php"
"942","МИНЬКИН Геннадий Петрович",,"tmp/minkin/minkin.inc.php"
"943","МОКСИН Пётр Васильевич",,"tmp/moksin/moksin.inc.php"
"944","НАБЕРЕЖНЫЙ Анатолий Андреевич",,"tmp/naberezhnyy/naberezhnyy.inc.php"
"945","НИКИН Семён Иванович",,"tmp/nikin/nikin.inc.php"
"946","НОВИКОВ Игорь Ефимович",,"tmp/novikov/novikov.inc.php"
"947","НОЗДРАЧЁВ Александр Васильевич",,"tmp/nozdrachyov/nozdrachyov.inc.php"
"948","ОВСЯННИКОВ  Владимир Васильевич",,"tmp/ovsyannikov_vladimir_vasilevich/ovsyannikov_vladimir_vasilevich.inc.php"
"949","ОЛФЕРЬЕВ Пётр Александрович",,"tmp/olferev/olferev.inc.php"
"950","ОНЧУКОВА-БУЛАВКИНА  Анна Александровна",,"tmp/onchukova/onchukova.inc.php"
"951","ОРЛОВ Юрий Александрович",,"tmp/orlov/orlov.inc.php"
"952","ПАВЛОВ Николай Дмитриевич",,"tmp/pavlov/pavlov.inc.php"
"953","ПАЛЕЦКИС  Юстас Игнович",,"tmp/paleckis/paleckis.inc.php"
"954","ПАНИНА (ПАНАФУТИНА)  Антонина Ивановна",,"tmp/panina/panina.inc.php"
"955","ПАНКОВ Алексей Иванович",,"tmp/pankov/pankov.inc.php"
"956","ПАРИЦКИЙ Иван Григорьевич",,"tmp/parickiy/parickiy.inc.php"
"957","ПЛЮЩ Александр Андреевич",,"tmp/plyusch/plyusch.inc.php"
"958","ПОЛЕВОЙ (КАМПОВ)  Борис Николаевич",,"tmp/polevoy/polevoy.inc.php"
"959","ПОЛЕЖАЕВ  Александр Иванович",,"tmp/polezhaev/polezhaev.inc.php"
"960","ПОЛОЗОВ Георгий Николаевич",,"tmp/polozov/polozov.inc.php"
"961","ПОПОВ Вадим Николаевич",,"tmp/popov/popov.inc.php"
"962","ПОЧИВАЛОВ  Юрий Степанович",,"tmp/pochivalov/pochivalov.inc.php"
"963","ПРИХОДЬКО Николай Тарасович",,"tmp/prihodko/prihodko.inc.php"
"964","ПРОЯЕВ Евгений Иванович",,"tmp/proyaev/proyaev.inc.php"
"965","РОЗАНОВ Сергей Николаевич",,"tmp/rozanov/rozanov.inc.php"
"966","РОЗАНОВА Ирина Юрьевна",,"tmp/rozanova/rozanova.inc.php"
"967","РУДЕНСКИЙ  Игорь Николаевич",,"tmp/rudenskiy/rudenskiy.inc.php"
"968","САВИНА Валентина Алексеевна",,"tmp/savina/savina.inc.php"
"969","САЗОНОВ Рим Михайлович",,"tmp/sazonov/sazonov.inc.php"
"970","САПОЖНИКОВ  Алексей Алексеевич",,"tmp/sapozhnikov/sapozhnikov.inc.php"
"971","СЕЛИВАНОВ Павел Дмитриевич",,"tmp/selivano_p_d/selivano_p_d.inc.php"
"972","СЕЛИВАНОВ Андрей Никифорович",,"tmp/selivanov/selivanov.inc.php"
"973","СЕРАФИМ (МЕЩЕРЯКОВ Яков Матвеевич)",,"tmp/serafim/serafim.inc.php"
"974","СЕРГЕЕВ Пётр Васильевич",,"tmp/sergeev/sergeev.inc.php"
"975","СЕРЁГИН  Сергей Иванович",,"tmp/seryogin/seryogin.inc.php"
"976","СИВАЧЁВ Михаил Гордеевич",,"tmp/sivachyov/sivachyov.inc.php"
"977","СИДНЕВ Борис Арсеньевич",,"tmp/sidnev/sidnev.inc.php"
"978","СИМАКОВ Тимофей Алексеевич",,"tmp/simakov/simakov.inc.php"
"979","СИМАНОВ Александр Михайлович",,"tmp/simanov/simanov.inc.php"
"980","СИТТЕЛЬ Мария Эдуардовна",,"tmp/sittel/sittel.inc.php"
"981","СКОТАК Алоиз",,"tmp/skotak/skotak.inc.php"
"982","СМИРНОВ Леонид Васильевич",,"tmp/smirnov/smirnov.inc.php"
"983","СМИРНОВ Григорий Лаврентьевич",,"tmp/smirnov_g_l/smirnov_g_l.inc.php"
"984","СОЛЯНОВ Александр Андрианович",,"tmp/solyanov/solyanov.inc.php"
"985","СПИРИН Пётр Петрович",,"tmp/spirin/spirin.inc.php"
"986","СТАРКИН Валерий Георгиевич",,"tmp/starkin/starkin.inc.php"
"987","СТАРОСТИНА Светлана Александровна",,"tmp/starostina/starostina.inc.php"
"988","СТЕБНЕВА (НЕСТЮК)  Ольга Алексеевна",,"tmp/stebneva/stebneva.inc.php"
"989","СТОЯНОВСКАЯ Галина Евгеньевна",,"tmp/stoyanovskaya/stoyanovskaya.inc.php"
"990","СТРУИСКАЯ (ОЗЕРОВА)  Александра Петровна",,"tmp/struiskaya/struiskaya.inc.php"
"991","СТРУЙСКИЙ Николай Еремеевич",,"tmp/struyskiy/struyskiy.inc.php"
"992","СТУДЕНСКИЙ  Николай Иванович",,"tmp/studenskiy/studenskiy.inc.php"
"993","СЫЧЕВ Константин Васильевич",,"tmp/sychev/sychev.inc.php"
"994","ТАРАШКЕВИЧ Иосиф Владимирович",,"tmp/tarashkevich/tarashkevich.inc.php"
"995","ТАРХОВ Александр Георгиевич",,"tmp/tarhov/tarhov.inc.php"
"996","ТАРХОВА Алла Александровна",,"tmp/tarhova/tarhova.inc.php"
"997","ТЕПЛОВ Николай Акимович",,"tmp/teplov/teplov.inc.php"
"998","ТЕРЕНТЬЕВ  Леонид Леонидович",,"tmp/terentev/terentev.inc.php"
"999","ТИХОМИРОВ Олег Константинович",,"tmp/tihomirov/tihomirov.inc.php"
"1000","ТИШКОВ Арсений Васильевич",,"tmp/tishkov/tishkov.inc.php"
"1001","ТОЛСТОЙ Сергей Михайлович",,"tmp/tolstoy/tolstoy.inc.php"
"1002","ТРОИЦКИЙ  Дмитрий Иванович",,"tmp/troickiy/troickiy.inc.php"
"1003","ТУЧКОВАОГАРЁВА  Наталья Алексеевна",,"tmp/tuchkova/tuchkova.inc.php"
"1004","УЛЬЯНОВ Илья Николаевич",,"tmp/ulyanov/ulyanov.inc.php"
"1005","УМНОВ Виктор Николаевич",,"tmp/umnov/umnov.inc.php"
"1006","УРАНОВ Алексей Сергеевич",,"tmp/uranov/uranov.inc.php"
"1007","УРАНОВА Софья Сергеевна",,"tmp/uranova/uranova.inc.php"
"1008","УРИШОВ Константин Петрович",,"tmp/urishov/urishov.inc.php"
"1009","УСЕИНОВ Якуб Усеинович",,"tmp/useinov/useinov.inc.php"
"1010","УСОВА Людмила Александровна",,"tmp/usova/usova.inc.php"
"1011","УСТИНОВ Александр Михайлович",,"tmp/ustinov/ustinov.inc.php"
"1012","УСЫСКИН  Илья Давидович",,"tmp/usyskin/usyskin.inc.php"
"1013","УХТОМСКИЙ Алексей Владимирович",,"tmp/uhtomskiy/uhtomskiy.inc.php"
"1014","УШАКОВ Виктор Алексеевич",,"tmp/ushakov/ushakov.inc.php"
"1015","ФАЛИЛЕЕВ Вадим Дмитриевич",,"tmp/falileev/falileev.inc.php"
"1016","ФЕДОРОВИЧ  Флориан Флорианович",,"tmp/fedorovi1_f_f/fedorovi1_f_f.inc.php"
"1017","ФЕДОРОВИЧ  Флориан Феликсович",,"tmp/fedorovich/fedorovich.inc.php"
"1018","ФЕДОТОВ  Пётр Львович",,"tmp/fedotov/fedotov.inc.php"
"1019","ФЕОФАНОВ Андрей Вячеславович",,"tmp/feofanov/feofanov.inc.php"
"1020","ФИГОТИН  Борис Семёнович",,"tmp/figotin/figotin.inc.php"
"1021","ФИЛАРЕТ (ВЕЛИКАНОВ Филарет Иоаннович)",,"tmp/filaret/filaret.inc.php"
"1022","ФИЛАТОВ Абрам (Аврамий) Фёдорович",,"tmp/filatov/filatov.inc.php"
"1023","ФИЛАТОВ Леонид Алексеевич",,"tmp/filatov_l_a/filatov_l_a.inc.php"
"1024","ФИЛАТОВ Нил Фёдорович",,"tmp/filatov_n_f/filatov_n_f.inc.php"
"1025","ФИЛАТОВ Пётр Фёдорович",,"tmp/filatov_p_f/filatov_p_f.inc.php"
"1026","ФИЛИПСОН Григорий Иванович",,"tmp/filipson/filipson.inc.php"
"1027","ФИНОГЕЕВ Александр Фёдорович",,"tmp/finogeev/finogeev.inc.php"
"1028","ФИНОГЕЕВ Фёдор Иванович",,"tmp/finogeev_f_i/finogeev_f_i.inc.php"
"1029","ФОКИН Александр Иванович",,"tmp/fokin/fokin.inc.php"
"1030","ФОМИН Аполлон Алексеевич",,"tmp/fomin/fomin.inc.php"
"1031","ФОМИН Николай Васильевич",,"tmp/fomin_n_v/fomin_n_v.inc.php"
"1032","ФРИДРИХСОН  Лев Христианович",,"tmp/fridrihson/fridrihson.inc.php"
"1033","ФРИЗЕ Готлиб Фёдорович",,"tmp/frize/frize.inc.php"
"1034","ФРИНОВСКИЙ  Михаил Петрович",,"tmp/frinovskiy/frinovskiy.inc.php"
"1035","ХАНАНИН Анатолий Дмитриевич",,"tmp/hananin/hananin.inc.php"
"1036","ХАССАН Елена Валентиновна",,"tmp/hassan/hassan.inc.php"
"1037","ХАТОВ Александр Ильич",,"tmp/hatov/hatov.inc.php"
"1038","ХАТОВ Сергей Александрович",,"tmp/hatov_s_a/hatov_s_a.inc.php"
"1039","ХАТОВ Сергей Сергеевич",,"tmp/hatov_s_s/hatov_s_s.inc.php"
"1040","ХАЧАТУРЯН Александр Саркисович",,"tmp/hachaturyan/hachaturyan.inc.php"
"1041","ХВОСТОВ Сергей Алексеевич",,"tmp/hvostov/hvostov.inc.php"
"1042","ХВОЩЕВ  Алексей Лукич",,"tmp/hvoschev/hvoschev.inc.php"
"1043","ХЛЕБНИКОВ  Николай Иванович",,"tmp/hlebnikov/hlebnikov.inc.php"
"1044","ХОВРИНА Мария Дмитриевна",,"tmp/hovrina/hovrina.inc.php"
"1045","ХОДАКОВ Юрий Владимирович",,"tmp/hodakov/hodakov.inc.php"
"1046","ХОДОС Лев Максович",,"tmp/hodos/hodos.inc.php"
"1047","ХОДУКИН Яков Николаевич",,"tmp/hodukin/hodukin.inc.php"
"1048","ХОЛМОГОРОВ  Иван Николаевич",,"tmp/holmogorov/holmogorov.inc.php"
"1049","ХОЛМСКИИ  Алексей Васильевич",,"tmp/holmskii/holmskii.inc.php"
"1050","ХОЛЯВСКИИ Борис Матвеевич",,"tmp/holyavskii/holyavskii.inc.php"
"1051","ХОХРЯКОВ Владимир Харлампиевич",,"tmp/hohryakov/hohryakov.inc.php"
"1052","ХРАБРОВИЦКИЙ  Александр Вениаминович",,"tmp/hrabrovickiy/hrabrovickiy.inc.php"
"1053","ХРАМОВ Александр Иванович",,"tmp/hramov/hramov.inc.php"
"1054","ЦЕГЕ (Семья)",,"tmp/semya_cege/semya_cege.inc.php"
"1055","ЦАО Ганчуань",,"tmp/cao/cao.inc.php"
"1056","ЦЕРЛИНГ Вера Владимировна",,"tmp/cerling/cerling.inc.php"
"1057","ЦИБУЗГИНА  Екатерина Ивановна",,"tmp/cibuzgina/cibuzgina.inc.php"
"1058","ЦИГАЛЬ Виктор Ефимович",,"tmp/cigal/cigal.inc.php"
"1059","ЦИГАЛЬ Владимир Ефимович",,"tmp/cigal_v_e/cigal_v_e.inc.php"
"1060","ЦИКОВСКИЙ (ЦИЦКОВСКИЙ)  Николай Степанович",,"tmp/cikovskiy/cikovskiy.inc.php"
"1061","ЦИЛЛИ Борис Иванович",,"tmp/cilli/cilli.inc.php"
"1062","ЦИНГОВАТОВ  Иосиф Алексеевич",,"tmp/cingovatov_iosif_alekseevich/cingovatov_iosif_alekseevich.inc.php"
"1063","ЦИНГОВАТОВ Лев Викторович",,"tmp/cingovatov/cingovatov.inc.php"
"1064","ЦИНГОВАТОВ Юрий Львович",,"tmp/cingovatov_yu_l/cingovatov_yu_l.inc.php"
"1065","ЧАРЫКОВ  Валерий Иванович",,"tmp/charykov/charykov.inc.php"
"1066","ЧАСТЕК Славояр(Ярослав) Антонович",,"tmp/chastek/chastek.inc.php"
"1067","ЧЕКАЛИН Фёдор Фёдорович",,"tmp/chekalin/chekalin.inc.php"
"1068","ЧЕМЕСОВ  Евграф Петрович",,"tmp/chemesov/chemesov.inc.php"
"1069","ЧЕМЕСОВ Ефим Петрович",,"tmp/chemesov1_e_p/chemesov1_e_p.inc.php"
"1070","ЧЕРНЕНКО Константин Устинович",,"tmp/chernenko/chernenko.inc.php"
"1071","ЧЕРНЕЦОВ  Иван Иванович",,"tmp/chernecov/chernecov.inc.php"
"1072","ЧЕРНОВ Роман Борисович",,"tmp/chernov/chernov.inc.php"
"1073","ЧЕРНЫШЕВСКИЙ Гавриил Иванович",,"tmp/chernyshevskiy/chernyshevskiy.inc.php"
"1074","ЧЕРОКМАНОВ Филипп Михайлович",,"tmp/cherokmanov/cherokmanov.inc.php"
"1075","ЧЕРУШОВ Виктор Афанасьевич",,"tmp/cherushov/cherushov.inc.php"
"1076","ЧЕРЯПКИН Иосиф Григорьевич",,"tmp/cheryapkin/cheryapkin.inc.php"
"1077","ЧУМАКОВ Фёдор Иванович",,"tmp/chumakov/chumakov.inc.php"
"1078","ШАМИН Роман Васильевич",,"tmp/shamin/shamin.inc.php"
"1079","ШАРБЕ Раймунд Августович",,"tmp/sharbe/sharbe.inc.php"
"1080","ШАРЛАХОВ  Виктор Петрович",,"tmp/sharlahov/sharlahov.inc.php"
"1081","ШАРОЛАПОВА Таисия Фёдоровна",,"tmp/sharolapova/sharolapova.inc.php"
"1082","ШАХМАТОВ Александр Алексеевич",,"tmp/shahmatov/shahmatov.inc.php"
"1083","ШАХОВСКАЯ  Мария Алексеевна",,"tmp/shahovskaya/shahovskaya.inc.php"
"1084","ШВАМ Евгений Семёнович",,"tmp/shvam/shvam.inc.php"
"1085","ШВЕЙЦЕР Михаил (Моисей) Абрамович",,"tmp/shveycer/shveycer.inc.php"
"1086","ШВЕЦОВ Фёдор Егорович",,"tmp/shvecov/shvecov.inc.php"
"1087","ШИГИН Борис Владиленович",,"tmp/shigin/shigin.inc.php"
"1088","ШИКУНОВ  Николай Павлович",,"tmp/shikunov/shikunov.inc.php"
"1089","ШИЛЬЦИН  Геннадий Фёдорович",,"tmp/shilcin/shilcin.inc.php"
"1090","ШИПЕК Адольф Степанович",,"tmp/shipek/shipek.inc.php"
"1091","ШИХАЛЕЕВ Николай Кузьмич",,"tmp/shihaleev/shihaleev.inc.php"
"1092","ШИШКИН Игорь Сергеевич",,"tmp/shishkin_i_s/shishkin_i_s.inc.php"
"1093","ШИШКИН Иван Тимофеевич",,"tmp/shishkin/shishkin.inc.php"
"1094","ШИШКОВ Виктор Фёдорович",,"tmp/shishkov/shishkov.inc.php"
"1095","ШЛЫКОВ Николай Фёдорович",,"tmp/shlykov/shlykov.inc.php"
"1096","ШЛЯНДИН Виктор Михайлович",,"tmp/shlyandin/shlyandin.inc.php"
"1097","ШМИДТ Сигурд Оттович",,"tmp/shmidt/shmidt.inc.php"
"1098","ШОР Лев Соломонович",,"tmp/shor/shor.inc.php"
"1099","ШТРОМБАХ  Ярослав Антонович",,"tmp/shtrombah/shtrombah.inc.php"
"1100","ШТУКЕНБЕРГ Антон Антонович",,"tmp/shtukenberg/shtukenberg.inc.php"
"1101","ШТУКЕНБЕРГ Елизавета Карловна",,"tmp/shtukenberg_e_k/shtukenberg_e_k.inc.php"
"1102","ШТОЛЬЦ  Карл Карлович",,"tmp/shtolc/shtolc.inc.php"
"1103","ЩЕПЕТИЛЬНИКОВ  Николай Александрович",,"tmp/schepetilnikov/schepetilnikov.inc.php"
"1104","ЩЕРБАКОВ Александр Евгеньевич",,"tmp/scherbakov/scherbakov.inc.php"
"1105","ЩЕТКИН Дмитрий Сергеевич",,"tmp/schetkin/schetkin.inc.php"
"1106","ЩУКИН Анатолий Александрович",,"tmp/schukin/schukin.inc.php"
"1107","ЮНКИН Аделыыа Харисович",,"tmp/yunkin/yunkin.inc.php"
"1108","ЮРАСОВ Дмитрий Алексеевич",,"tmp/yurasov/yurasov.inc.php"
"1109","ЮРЬЕВ Василий Яковлевич",,"tmp/yurev/yurev.inc.php"
"1110","ЮШКОВ Александр Иванович",,"tmp/yushkov/yushkov.inc.php"
"1111","ЮШКОВ Серафим Владимирович",,"tmp/yushkov_s_v/yushkov_s_v.inc.php"
"1112","ЯГОДИН Борис Алексеевич",,"tmp/yagodin/yagodin.inc.php"
"1113","ЯГОДИН Геннадий Алексеевич",,"tmp/yagoding_a/yagoding_a.inc.php"
"1114","ЯГОДИНСКИИ Павел Николаевич",,"tmp/yagodinskii/yagodinskii.inc.php"
"1115","ЯДРЕНЦЕВ  Василий Иванович",,"tmp/yadrencev/yadrencev.inc.php"
"1116","ЯЗВИЦКИЙ Валерий Иоильевич",,"tmp/yazvickiy/yazvickiy.inc.php"
"1117","ЯКОВЛЕВ Алексей Евгеньевич",,"tmp/yakovlev/yakovlev.inc.php"
"1118","ЯКОВЛЕВ Михаил Николаевич",,"tmp/yakovlev_m_n/yakovlev_m_n.inc.php"
"1119","ЯКОВЛЕВА Татьяна Алексеевна",,"tmp/yakovleva/yakovleva.inc.php"
"1120","ЯНИЧКИН Юрий Ермолаевич",,"tmp/yanichkin/yanichkin.inc.php"
"1121","ЯРКИН Владимир Петрович",,"tmp/yarkin/yarkin.inc.php"
"1122","ЯХОНТОВ Анатолий Александрович",,"tmp/yahontov/yahontov.inc.php"
"1123","ЯШИН Сергей Анатольевич",,"tmp/yashin/yashin.inc.php"
